city,esfhouse_url,newhouse_url,province,shop_shou_url,shop_zu_url,zuhouse_url
北京,http://bj.esf.fang.com/,http://bj.newhouse.fang.com/,直辖市,https://shop.fang.com/shou/house/,https://shop.fang.com/zu/house/,https://zu.fang.com/
上海,http://sh.esf.fang.com/,http://sh.newhouse.fang.com/,直辖市,http://sh.shop.fang.com/shou/house/,http://sh.shop.fang.com/zu/house/,http://sh.zu.fang.com/
天津,http://tj.esf.fang.com/,http://tj.newhouse.fang.com/,直辖市,http://tj.shop.fang.com/shou/house/,http://tj.shop.fang.com/zu/house/,http://tj.zu.fang.com/
重庆,http://cq.esf.fang.com/,http://cq.newhouse.fang.com/,直辖市,http://cq.shop.fang.com/shou/house/,http://cq.shop.fang.com/zu/house/,http://cq.zu.fang.com/
合肥,http://hf.esf.fang.com/,http://hf.newhouse.fang.com/,安徽,http://hf.shop.fang.com/shou/house/,http://hf.shop.fang.com/zu/house/,http://hf.zu.fang.com/
芜湖,http://wuhu.esf.fang.com/,http://wuhu.newhouse.fang.com/,安徽,http://wuhu.shop.fang.com/shou/house/,http://wuhu.shop.fang.com/zu/house/,http://wuhu.zu.fang.com/
淮南,http://huainan.esf.fang.com/,http://huainan.newhouse.fang.com/,安徽,http://huainan.shop.fang.com/shou/house/,http://huainan.shop.fang.com/zu/house/,http://huainan.zu.fang.com/
蚌埠,http://bengbu.esf.fang.com/,http://bengbu.newhouse.fang.com/,安徽,http://bengbu.shop.fang.com/shou/house/,http://bengbu.shop.fang.com/zu/house/,http://bengbu.zu.fang.com/
阜阳,http://fuyang.esf.fang.com/,http://fuyang.newhouse.fang.com/,安徽,http://fuyang.shop.fang.com/shou/house/,http://fuyang.shop.fang.com/zu/house/,http://fuyang.zu.fang.com/
安庆,http://anqing.esf.fang.com/,http://anqing.newhouse.fang.com/,安徽,http://anqing.shop.fang.com/shou/house/,http://anqing.shop.fang.com/zu/house/,http://anqing.zu.fang.com/
巢湖,http://chaohu.esf.fang.com/,http://chaohu.newhouse.fang.com/,安徽,http://chaohu.shop.fang.com/shou/house/,http://chaohu.shop.fang.com/zu/house/,http://chaohu.zu.fang.com/
滁州,http://chuzhou.esf.fang.com/,http://chuzhou.newhouse.fang.com/,安徽,http://chuzhou.shop.fang.com/shou/house/,http://chuzhou.shop.fang.com/zu/house/,http://chuzhou.zu.fang.com/
六安,http://luan.esf.fang.com/,http://luan.newhouse.fang.com/,安徽,http://luan.shop.fang.com/shou/house/,http://luan.shop.fang.com/zu/house/,http://luan.zu.fang.com/
铜陵,http://tongling.esf.fang.com/,http://tongling.newhouse.fang.com/,安徽,http://tongling.shop.fang.com/shou/house/,http://tongling.shop.fang.com/zu/house/,http://tongling.zu.fang.com/
淮北,http://huaibei.esf.fang.com/,http://huaibei.newhouse.fang.com/,安徽,http://huaibei.shop.fang.com/shou/house/,http://huaibei.shop.fang.com/zu/house/,http://huaibei.zu.fang.com/
宣城,http://xuancheng.esf.fang.com/,http://xuancheng.newhouse.fang.com/,安徽,http://xuancheng.shop.fang.com/shou/house/,http://xuancheng.shop.fang.com/zu/house/,http://xuancheng.zu.fang.com/
黄山,http://huangshan.esf.fang.com/,http://huangshan.newhouse.fang.com/,安徽,http://huangshan.shop.fang.com/shou/house/,http://huangshan.shop.fang.com/zu/house/,http://huangshan.zu.fang.com/
宿州,http://ahsuzhou.esf.fang.com/,http://ahsuzhou.newhouse.fang.com/,安徽,http://ahsuzhou.shop.fang.com/shou/house/,http://ahsuzhou.shop.fang.com/zu/house/,http://ahsuzhou.zu.fang.com/
亳州,http://bozhou.esf.fang.com/,http://bozhou.newhouse.fang.com/,安徽,http://bozhou.shop.fang.com/shou/house/,http://bozhou.shop.fang.com/zu/house/,http://bozhou.zu.fang.com/
马鞍山,http://mas.esf.fang.com/,http://mas.newhouse.fang.com/,安徽,http://mas.shop.fang.com/shou/house/,http://mas.shop.fang.com/zu/house/,http://mas.zu.fang.com/
池州,http://chizhou.esf.fang.com/,http://chizhou.newhouse.fang.com/,安徽,http://chizhou.shop.fang.com/shou/house/,http://chizhou.shop.fang.com/zu/house/,http://chizhou.zu.fang.com/
广德,https://guangde.esf.fang.com/,https://guangde.newhouse.fang.com/,安徽,https://guangde.shop.fang.com/shou/house/,https://guangde.shop.fang.com/zu/house/,https://guangde.zu.fang.com/
桐城,http://tongcheng.esf.fang.com/,http://tongcheng.newhouse.fang.com/,安徽,http://tongcheng.shop.fang.com/shou/house/,http://tongcheng.shop.fang.com/zu/house/,http://tongcheng.zu.fang.com/
霍邱,http://huoqiu.esf.fang.com/,http://huoqiu.newhouse.fang.com/,安徽,http://huoqiu.shop.fang.com/shou/house/,http://huoqiu.shop.fang.com/zu/house/,http://huoqiu.zu.fang.com/
当涂,http://dangtu.esf.fang.com/,http://dangtu.newhouse.fang.com/,安徽,http://dangtu.shop.fang.com/shou/house/,http://dangtu.shop.fang.com/zu/house/,http://dangtu.zu.fang.com/
长丰,http://ahcf.esf.fang.com/,http://ahcf.newhouse.fang.com/,安徽,http://ahcf.shop.fang.com/shou/house/,http://ahcf.shop.fang.com/zu/house/,http://ahcf.zu.fang.com/
怀远,http://huaiyuan.esf.fang.com/,http://huaiyuan.newhouse.fang.com/,安徽,http://huaiyuan.shop.fang.com/shou/house/,http://huaiyuan.shop.fang.com/zu/house/,http://huaiyuan.zu.fang.com/
五河,http://wuhe.esf.fang.com/,http://wuhe.newhouse.fang.com/,安徽,http://wuhe.shop.fang.com/shou/house/,http://wuhe.shop.fang.com/zu/house/,http://wuhe.zu.fang.com/
固镇,http://guzhen.esf.fang.com/,http://guzhen.newhouse.fang.com/,安徽,http://guzhen.shop.fang.com/shou/house/,http://guzhen.shop.fang.com/zu/house/,http://guzhen.zu.fang.com/
繁昌,http://fanchang.esf.fang.com/,http://fanchang.newhouse.fang.com/,安徽,http://fanchang.shop.fang.com/shou/house/,http://fanchang.shop.fang.com/zu/house/,http://fanchang.zu.fang.com/
全椒,http://quanjiao.esf.fang.com/,http://quanjiao.newhouse.fang.com/,安徽,http://quanjiao.shop.fang.com/shou/house/,http://quanjiao.shop.fang.com/zu/house/,http://quanjiao.zu.fang.com/
蒙城,http://mengcheng.esf.fang.com/,http://mengcheng.newhouse.fang.com/,安徽,http://mengcheng.shop.fang.com/shou/house/,http://mengcheng.shop.fang.com/zu/house/,http://mengcheng.zu.fang.com/
澳门,http://macau.esf.fang.com/,http://macau.newhouse.fang.com/,澳门,http://macau.shop.fang.com/shou/house/,http://macau.shop.fang.com/zu/house/,http://macau.zu.fang.com/
福州,http://fz.esf.fang.com/,http://fz.newhouse.fang.com/,福建,http://fz.shop.fang.com/shou/house/,http://fz.shop.fang.com/zu/house/,http://fz.zu.fang.com/
厦门,http://xm.esf.fang.com/,http://xm.newhouse.fang.com/,福建,http://xm.shop.fang.com/shou/house/,http://xm.shop.fang.com/zu/house/,http://xm.zu.fang.com/
泉州,http://qz.esf.fang.com/,http://qz.newhouse.fang.com/,福建,http://qz.shop.fang.com/shou/house/,http://qz.shop.fang.com/zu/house/,http://qz.zu.fang.com/
莆田,http://putian.esf.fang.com/,http://putian.newhouse.fang.com/,福建,http://putian.shop.fang.com/shou/house/,http://putian.shop.fang.com/zu/house/,http://putian.zu.fang.com/
漳州,http://zhangzhou.esf.fang.com/,http://zhangzhou.newhouse.fang.com/,福建,http://zhangzhou.shop.fang.com/shou/house/,http://zhangzhou.shop.fang.com/zu/house/,http://zhangzhou.zu.fang.com/
龙岩,http://longyan.esf.fang.com/,http://longyan.newhouse.fang.com/,福建,http://longyan.shop.fang.com/shou/house/,http://longyan.shop.fang.com/zu/house/,http://longyan.zu.fang.com/
三明,http://sanming.esf.fang.com/,http://sanming.newhouse.fang.com/,福建,http://sanming.shop.fang.com/shou/house/,http://sanming.shop.fang.com/zu/house/,http://sanming.zu.fang.com/
南平,http://nanping.esf.fang.com/,http://nanping.newhouse.fang.com/,福建,http://nanping.shop.fang.com/shou/house/,http://nanping.shop.fang.com/zu/house/,http://nanping.zu.fang.com/
宁德,http://ningde.esf.fang.com/,http://ningde.newhouse.fang.com/,福建,http://ningde.shop.fang.com/shou/house/,http://ningde.shop.fang.com/zu/house/,http://ningde.zu.fang.com/
平潭,http://pingtan.esf.fang.com/,http://pingtan.newhouse.fang.com/,福建,http://pingtan.shop.fang.com/shou/house/,http://pingtan.shop.fang.com/zu/house/,http://pingtan.zu.fang.com/
福清,http://fq.esf.fang.com/,http://fq.newhouse.fang.com/,福建,http://fq.shop.fang.com/shou/house/,http://fq.shop.fang.com/zu/house/,http://fq.zu.fang.com/
南安,http://nanan.esf.fang.com/,http://nanan.newhouse.fang.com/,福建,http://nanan.shop.fang.com/shou/house/,http://nanan.shop.fang.com/zu/house/,http://nanan.zu.fang.com/
龙海,http://longhai.esf.fang.com/,http://longhai.newhouse.fang.com/,福建,http://longhai.shop.fang.com/shou/house/,http://longhai.shop.fang.com/zu/house/,http://longhai.zu.fang.com/
惠安,http://huian.esf.fang.com/,http://huian.newhouse.fang.com/,福建,http://huian.shop.fang.com/shou/house/,http://huian.shop.fang.com/zu/house/,http://huian.zu.fang.com/
长乐,http://changle.esf.fang.com/,http://changle.newhouse.fang.com/,福建,http://changle.shop.fang.com/shou/house/,http://changle.shop.fang.com/zu/house/,http://changle.zu.fang.com/
石狮,http://shishi.esf.fang.com/,http://shishi.newhouse.fang.com/,福建,http://shishi.shop.fang.com/shou/house/,http://shishi.shop.fang.com/zu/house/,http://shishi.zu.fang.com/
安溪,http://fjax.esf.fang.com/,http://fjax.newhouse.fang.com/,福建,http://fjax.shop.fang.com/shou/house/,http://fjax.shop.fang.com/zu/house/,http://fjax.zu.fang.com/
连江,http://lianjiang.esf.fang.com/,http://lianjiang.newhouse.fang.com/,福建,http://lianjiang.shop.fang.com/shou/house/,http://lianjiang.shop.fang.com/zu/house/,http://lianjiang.zu.fang.com/
永春,http://yongchun.esf.fang.com/,http://yongchun.newhouse.fang.com/,福建,http://yongchun.shop.fang.com/shou/house/,http://yongchun.shop.fang.com/zu/house/,http://yongchun.zu.fang.com/
罗源,http://luoyuan.esf.fang.com/,http://luoyuan.newhouse.fang.com/,福建,http://luoyuan.shop.fang.com/shou/house/,http://luoyuan.shop.fang.com/zu/house/,http://luoyuan.zu.fang.com/
闽清,http://minqing.esf.fang.com/,http://minqing.newhouse.fang.com/,福建,http://minqing.shop.fang.com/shou/house/,http://minqing.shop.fang.com/zu/house/,http://minqing.zu.fang.com/
永泰,http://yongtai.esf.fang.com/,http://yongtai.newhouse.fang.com/,福建,http://yongtai.shop.fang.com/shou/house/,http://yongtai.shop.fang.com/zu/house/,http://yongtai.zu.fang.com/
泉港,http://quangang.esf.fang.com/,http://quangang.newhouse.fang.com/,福建,http://quangang.shop.fang.com/shou/house/,http://quangang.shop.fang.com/zu/house/,http://quangang.zu.fang.com/
福安,http://fuan.esf.fang.com/,http://fuan.newhouse.fang.com/,福建,http://fuan.shop.fang.com/shou/house/,http://fuan.shop.fang.com/zu/house/,http://fuan.zu.fang.com/
永安,http://ya.esf.fang.com/,http://ya.newhouse.fang.com/,福建,http://ya.shop.fang.com/shou/house/,http://ya.shop.fang.com/zu/house/,http://ya.zu.fang.com/
德化,http://dh.esf.fang.com/,http://dh.newhouse.fang.com/,福建,http://dh.shop.fang.com/shou/house/,http://dh.shop.fang.com/zu/house/,http://dh.zu.fang.com/
晋江,http://jinjiang.esf.fang.com/,http://jinjiang.newhouse.fang.com/,福建,http://jinjiang.shop.fang.com/shou/house/,http://jinjiang.shop.fang.com/zu/house/,http://jinjiang.zu.fang.com/
广州,http://gz.esf.fang.com/,http://gz.newhouse.fang.com/,广东,http://gz.shop.fang.com/shou/house/,http://gz.shop.fang.com/zu/house/,http://gz.zu.fang.com/
深圳,http://sz.esf.fang.com/,http://sz.newhouse.fang.com/,广东,http://sz.shop.fang.com/shou/house/,http://sz.shop.fang.com/zu/house/,http://sz.zu.fang.com/
东莞,http://dg.esf.fang.com/,http://dg.newhouse.fang.com/,广东,http://dg.shop.fang.com/shou/house/,http://dg.shop.fang.com/zu/house/,http://dg.zu.fang.com/
珠海,http://zh.esf.fang.com/,http://zh.newhouse.fang.com/,广东,http://zh.shop.fang.com/shou/house/,http://zh.shop.fang.com/zu/house/,http://zh.zu.fang.com/
中山,http://zs.esf.fang.com/,http://zs.newhouse.fang.com/,广东,http://zs.shop.fang.com/shou/house/,http://zs.shop.fang.com/zu/house/,http://zs.zu.fang.com/
佛山,http://fs.esf.fang.com/,http://fs.newhouse.fang.com/,广东,http://fs.shop.fang.com/shou/house/,http://fs.shop.fang.com/zu/house/,http://fs.zu.fang.com/
惠州,http://huizhou.esf.fang.com/,http://huizhou.newhouse.fang.com/,广东,http://huizhou.shop.fang.com/shou/house/,http://huizhou.shop.fang.com/zu/house/,http://huizhou.zu.fang.com/
江门,http://jm.esf.fang.com/,http://jm.newhouse.fang.com/,广东,http://jm.shop.fang.com/shou/house/,http://jm.shop.fang.com/zu/house/,http://jm.zu.fang.com/
汕头,http://st.esf.fang.com/,http://st.newhouse.fang.com/,广东,http://st.shop.fang.com/shou/house/,http://st.shop.fang.com/zu/house/,http://st.zu.fang.com/
清远,http://qingyuan.esf.fang.com/,http://qingyuan.newhouse.fang.com/,广东,http://qingyuan.shop.fang.com/shou/house/,http://qingyuan.shop.fang.com/zu/house/,http://qingyuan.zu.fang.com/
肇庆,http://zhaoqing.esf.fang.com/,http://zhaoqing.newhouse.fang.com/,广东,http://zhaoqing.shop.fang.com/shou/house/,http://zhaoqing.shop.fang.com/zu/house/,http://zhaoqing.zu.fang.com/
阳江,http://yangjiang.esf.fang.com/,http://yangjiang.newhouse.fang.com/,广东,http://yangjiang.shop.fang.com/shou/house/,http://yangjiang.shop.fang.com/zu/house/,http://yangjiang.zu.fang.com/
茂名,http://maoming.esf.fang.com/,http://maoming.newhouse.fang.com/,广东,http://maoming.shop.fang.com/shou/house/,http://maoming.shop.fang.com/zu/house/,http://maoming.zu.fang.com/
湛江,http://zj.esf.fang.com/,http://zj.newhouse.fang.com/,广东,http://zj.shop.fang.com/shou/house/,http://zj.shop.fang.com/zu/house/,http://zj.zu.fang.com/
梅州,http://meizhou.esf.fang.com/,http://meizhou.newhouse.fang.com/,广东,http://meizhou.shop.fang.com/shou/house/,http://meizhou.shop.fang.com/zu/house/,http://meizhou.zu.fang.com/
揭阳,http://jieyang.esf.fang.com/,http://jieyang.newhouse.fang.com/,广东,http://jieyang.shop.fang.com/shou/house/,http://jieyang.shop.fang.com/zu/house/,http://jieyang.zu.fang.com/
河源,http://heyuan.esf.fang.com/,http://heyuan.newhouse.fang.com/,广东,http://heyuan.shop.fang.com/shou/house/,http://heyuan.shop.fang.com/zu/house/,http://heyuan.zu.fang.com/
汕尾,http://shanwei.esf.fang.com/,http://shanwei.newhouse.fang.com/,广东,http://shanwei.shop.fang.com/shou/house/,http://shanwei.shop.fang.com/zu/house/,http://shanwei.zu.fang.com/
阳春,http://yangchun.esf.fang.com/,http://yangchun.newhouse.fang.com/,广东,http://yangchun.shop.fang.com/shou/house/,http://yangchun.shop.fang.com/zu/house/,http://yangchun.zu.fang.com/
开平,http://kaiping.esf.fang.com/,http://kaiping.newhouse.fang.com/,广东,http://kaiping.shop.fang.com/shou/house/,http://kaiping.shop.fang.com/zu/house/,http://kaiping.zu.fang.com/
云浮,http://yunfu.esf.fang.com/,http://yunfu.newhouse.fang.com/,广东,http://yunfu.shop.fang.com/shou/house/,http://yunfu.shop.fang.com/zu/house/,http://yunfu.zu.fang.com/
潮州,http://chaozhou.esf.fang.com/,http://chaozhou.newhouse.fang.com/,广东,http://chaozhou.shop.fang.com/shou/house/,http://chaozhou.shop.fang.com/zu/house/,http://chaozhou.zu.fang.com/
韶关,http://shaoguan.esf.fang.com/,http://shaoguan.newhouse.fang.com/,广东,http://shaoguan.shop.fang.com/shou/house/,http://shaoguan.shop.fang.com/zu/house/,http://shaoguan.zu.fang.com/
顺德,http://shunde.esf.fang.com/,http://shunde.newhouse.fang.com/,广东,http://shunde.shop.fang.com/shou/house/,http://shunde.shop.fang.com/zu/house/,http://shunde.zu.fang.com/
台山,http://taishan.esf.fang.com/,http://taishan.newhouse.fang.com/,广东,http://taishan.shop.fang.com/shou/house/,http://taishan.shop.fang.com/zu/house/,http://taishan.zu.fang.com/
恩平,http://enping.esf.fang.com/,http://enping.newhouse.fang.com/,广东,http://enping.shop.fang.com/shou/house/,http://enping.shop.fang.com/zu/house/,http://enping.zu.fang.com/
惠东,http://huidong.esf.fang.com/,http://huidong.newhouse.fang.com/,广东,http://huidong.shop.fang.com/shou/house/,http://huidong.shop.fang.com/zu/house/,http://huidong.zu.fang.com/
龙门,http://gdlm.esf.fang.com/,http://gdlm.newhouse.fang.com/,广东,http://gdlm.shop.fang.com/shou/house/,http://gdlm.shop.fang.com/zu/house/,http://gdlm.zu.fang.com/
博罗,http://boluo.esf.fang.com/,http://boluo.newhouse.fang.com/,广东,http://boluo.shop.fang.com/shou/house/,http://boluo.shop.fang.com/zu/house/,http://boluo.zu.fang.com/
鹤山,http://heshan.esf.fang.com/,http://heshan.newhouse.fang.com/,广东,http://heshan.shop.fang.com/shou/house/,http://heshan.shop.fang.com/zu/house/,http://heshan.zu.fang.com/
普宁,http://puning.esf.fang.com/,http://puning.newhouse.fang.com/,广东,http://puning.shop.fang.com/shou/house/,http://puning.shop.fang.com/zu/house/,http://puning.zu.fang.com/
新丰,http://xf.esf.fang.com/,http://xf.newhouse.fang.com/,广东,http://xf.shop.fang.com/shou/house/,http://xf.shop.fang.com/zu/house/,http://xf.zu.fang.com/
雷州,http://leizhou.esf.fang.com/,http://leizhou.newhouse.fang.com/,广东,http://leizhou.shop.fang.com/shou/house/,http://leizhou.shop.fang.com/zu/house/,http://leizhou.zu.fang.com/
南宁,http://nn.esf.fang.com/,http://nn.newhouse.fang.com/,广西,http://nn.shop.fang.com/shou/house/,http://nn.shop.fang.com/zu/house/,http://nn.zu.fang.com/
柳州,http://liuzhou.esf.fang.com/,http://liuzhou.newhouse.fang.com/,广西,http://liuzhou.shop.fang.com/shou/house/,http://liuzhou.shop.fang.com/zu/house/,http://liuzhou.zu.fang.com/
桂林,http://guilin.esf.fang.com/,http://guilin.newhouse.fang.com/,广西,http://guilin.shop.fang.com/shou/house/,http://guilin.shop.fang.com/zu/house/,http://guilin.zu.fang.com/
玉林,http://yl.esf.fang.com/,http://yl.newhouse.fang.com/,广西,http://yl.shop.fang.com/shou/house/,http://yl.shop.fang.com/zu/house/,http://yl.zu.fang.com/
贵港,http://guigang.esf.fang.com/,http://guigang.newhouse.fang.com/,广西,http://guigang.shop.fang.com/shou/house/,http://guigang.shop.fang.com/zu/house/,http://guigang.zu.fang.com/
北海,http://bh.esf.fang.com/,http://bh.newhouse.fang.com/,广西,http://bh.shop.fang.com/shou/house/,http://bh.shop.fang.com/zu/house/,http://bh.zu.fang.com/
河池,http://hechi.esf.fang.com/,http://hechi.newhouse.fang.com/,广西,http://hechi.shop.fang.com/shou/house/,http://hechi.shop.fang.com/zu/house/,http://hechi.zu.fang.com/
百色,http://baise.esf.fang.com/,http://baise.newhouse.fang.com/,广西,http://baise.shop.fang.com/shou/house/,http://baise.shop.fang.com/zu/house/,http://baise.zu.fang.com/
梧州,http://wuzhou.esf.fang.com/,http://wuzhou.newhouse.fang.com/,广西,http://wuzhou.shop.fang.com/shou/house/,http://wuzhou.shop.fang.com/zu/house/,http://wuzhou.zu.fang.com/
贺州,http://hezhou.esf.fang.com/,http://hezhou.newhouse.fang.com/,广西,http://hezhou.shop.fang.com/shou/house/,http://hezhou.shop.fang.com/zu/house/,http://hezhou.zu.fang.com/
钦州,http://qinzhou.esf.fang.com/,http://qinzhou.newhouse.fang.com/,广西,http://qinzhou.shop.fang.com/shou/house/,http://qinzhou.shop.fang.com/zu/house/,http://qinzhou.zu.fang.com/
防城港,http://fangchenggang.esf.fang.com/,http://fangchenggang.newhouse.fang.com/,广西,http://fangchenggang.shop.fang.com/shou/house/,http://fangchenggang.shop.fang.com/zu/house/,http://fangchenggang.zu.fang.com/
来宾,http://laibin.esf.fang.com/,http://laibin.newhouse.fang.com/,广西,http://laibin.shop.fang.com/shou/house/,http://laibin.shop.fang.com/zu/house/,http://laibin.zu.fang.com/
崇左,http://chongzuo.esf.fang.com/,http://chongzuo.newhouse.fang.com/,广西,http://chongzuo.shop.fang.com/shou/house/,http://chongzuo.shop.fang.com/zu/house/,http://chongzuo.zu.fang.com/
横县,http://hengxian.esf.fang.com/,http://hengxian.newhouse.fang.com/,广西,http://hengxian.shop.fang.com/shou/house/,http://hengxian.shop.fang.com/zu/house/,http://hengxian.zu.fang.com/
宾阳,http://gxby.esf.fang.com/,http://gxby.newhouse.fang.com/,广西,http://gxby.shop.fang.com/shou/house/,http://gxby.shop.fang.com/zu/house/,http://gxby.zu.fang.com/
邕宁,http://yongning.esf.fang.com/,http://yongning.newhouse.fang.com/,广西,http://yongning.shop.fang.com/shou/house/,http://yongning.shop.fang.com/zu/house/,http://yongning.zu.fang.com/
东兴,http://dongxing.esf.fang.com/,http://dongxing.newhouse.fang.com/,广西,http://dongxing.shop.fang.com/shou/house/,http://dongxing.shop.fang.com/zu/house/,http://dongxing.zu.fang.com/
贵阳,http://gy.esf.fang.com/,http://gy.newhouse.fang.com/,贵州,http://gy.shop.fang.com/shou/house/,http://gy.shop.fang.com/zu/house/,http://gy.zu.fang.com/
遵义,http://zunyi.esf.fang.com/,http://zunyi.newhouse.fang.com/,贵州,http://zunyi.shop.fang.com/shou/house/,http://zunyi.shop.fang.com/zu/house/,http://zunyi.zu.fang.com/
黔东南,http://qiandongnan.esf.fang.com/,http://qiandongnan.newhouse.fang.com/,贵州,http://qiandongnan.shop.fang.com/shou/house/,http://qiandongnan.shop.fang.com/zu/house/,http://qiandongnan.zu.fang.com/
安顺,http://anshun.esf.fang.com/,http://anshun.newhouse.fang.com/,贵州,http://anshun.shop.fang.com/shou/house/,http://anshun.shop.fang.com/zu/house/,http://anshun.zu.fang.com/
黔南,http://qiannan.esf.fang.com/,http://qiannan.newhouse.fang.com/,贵州,http://qiannan.shop.fang.com/shou/house/,http://qiannan.shop.fang.com/zu/house/,http://qiannan.zu.fang.com/
毕节,http://bijie.esf.fang.com/,http://bijie.newhouse.fang.com/,贵州,http://bijie.shop.fang.com/shou/house/,http://bijie.shop.fang.com/zu/house/,http://bijie.zu.fang.com/
铜仁,http://tongren.esf.fang.com/,http://tongren.newhouse.fang.com/,贵州,http://tongren.shop.fang.com/shou/house/,http://tongren.shop.fang.com/zu/house/,http://tongren.zu.fang.com/
六盘水,http://liupanshui.esf.fang.com/,http://liupanshui.newhouse.fang.com/,贵州,http://liupanshui.shop.fang.com/shou/house/,http://liupanshui.shop.fang.com/zu/house/,http://liupanshui.zu.fang.com/
黔西南,http://qianxinan.esf.fang.com/,http://qianxinan.newhouse.fang.com/,贵州,http://qianxinan.shop.fang.com/shou/house/,http://qianxinan.shop.fang.com/zu/house/,http://qianxinan.zu.fang.com/
开阳,http://kaiyang.esf.fang.com/,http://kaiyang.newhouse.fang.com/,贵州,http://kaiyang.shop.fang.com/shou/house/,http://kaiyang.shop.fang.com/zu/house/,http://kaiyang.zu.fang.com/
修文,http://xiuwen.esf.fang.com/,http://xiuwen.newhouse.fang.com/,贵州,http://xiuwen.shop.fang.com/shou/house/,http://xiuwen.shop.fang.com/zu/house/,http://xiuwen.zu.fang.com/
清镇,http://qingzhen.esf.fang.com/,http://qingzhen.newhouse.fang.com/,贵州,http://qingzhen.shop.fang.com/shou/house/,http://qingzhen.shop.fang.com/zu/house/,http://qingzhen.zu.fang.com/
兰州,http://lz.esf.fang.com/,http://lz.newhouse.fang.com/,甘肃,http://lz.shop.fang.com/shou/house/,http://lz.shop.fang.com/zu/house/,http://lz.zu.fang.com/
张掖,http://zhangye.esf.fang.com/,http://zhangye.newhouse.fang.com/,甘肃,http://zhangye.shop.fang.com/shou/house/,http://zhangye.shop.fang.com/zu/house/,http://zhangye.zu.fang.com/
天水,http://tianshui.esf.fang.com/,http://tianshui.newhouse.fang.com/,甘肃,http://tianshui.shop.fang.com/shou/house/,http://tianshui.shop.fang.com/zu/house/,http://tianshui.zu.fang.com/
庆阳,http://qingyang.esf.fang.com/,http://qingyang.newhouse.fang.com/,甘肃,http://qingyang.shop.fang.com/shou/house/,http://qingyang.shop.fang.com/zu/house/,http://qingyang.zu.fang.com/
平凉,http://pingliang.esf.fang.com/,http://pingliang.newhouse.fang.com/,甘肃,http://pingliang.shop.fang.com/shou/house/,http://pingliang.shop.fang.com/zu/house/,http://pingliang.zu.fang.com/
酒泉,http://jiuquan.esf.fang.com/,http://jiuquan.newhouse.fang.com/,甘肃,http://jiuquan.shop.fang.com/shou/house/,http://jiuquan.shop.fang.com/zu/house/,http://jiuquan.zu.fang.com/
白银,http://baiyin.esf.fang.com/,http://baiyin.newhouse.fang.com/,甘肃,http://baiyin.shop.fang.com/shou/house/,http://baiyin.shop.fang.com/zu/house/,http://baiyin.zu.fang.com/
武威,http://wuwei.esf.fang.com/,http://wuwei.newhouse.fang.com/,甘肃,http://wuwei.shop.fang.com/shou/house/,http://wuwei.shop.fang.com/zu/house/,http://wuwei.zu.fang.com/
金昌,http://jinchang.esf.fang.com/,http://jinchang.newhouse.fang.com/,甘肃,http://jinchang.shop.fang.com/shou/house/,http://jinchang.shop.fang.com/zu/house/,http://jinchang.zu.fang.com/
陇南,http://longnan.esf.fang.com/,http://longnan.newhouse.fang.com/,甘肃,http://longnan.shop.fang.com/shou/house/,http://longnan.shop.fang.com/zu/house/,http://longnan.zu.fang.com/
嘉峪关,http://jiayuguan.esf.fang.com/,http://jiayuguan.newhouse.fang.com/,甘肃,http://jiayuguan.shop.fang.com/shou/house/,http://jiayuguan.shop.fang.com/zu/house/,http://jiayuguan.zu.fang.com/
定西,http://dingxi.esf.fang.com/,http://dingxi.newhouse.fang.com/,甘肃,http://dingxi.shop.fang.com/shou/house/,http://dingxi.shop.fang.com/zu/house/,http://dingxi.zu.fang.com/
甘南,http://gannan.esf.fang.com/,http://gannan.newhouse.fang.com/,甘肃,http://gannan.shop.fang.com/shou/house/,http://gannan.shop.fang.com/zu/house/,http://gannan.zu.fang.com/
临夏,http://linxia.esf.fang.com/,http://linxia.newhouse.fang.com/,甘肃,http://linxia.shop.fang.com/shou/house/,http://linxia.shop.fang.com/zu/house/,http://linxia.zu.fang.com/
永登,http://yongdeng.esf.fang.com/,http://yongdeng.newhouse.fang.com/,甘肃,http://yongdeng.shop.fang.com/shou/house/,http://yongdeng.shop.fang.com/zu/house/,http://yongdeng.zu.fang.com/
榆中,http://yuzhong.esf.fang.com/,http://yuzhong.newhouse.fang.com/,甘肃,http://yuzhong.shop.fang.com/shou/house/,http://yuzhong.shop.fang.com/zu/house/,http://yuzhong.zu.fang.com/
海南,http://hn.esf.fang.com/,http://hn.newhouse.fang.com/,海南,http://hn.shop.fang.com/shou/house/,http://hn.shop.fang.com/zu/house/,http://hn.zu.fang.com/
三亚,http://sanya.esf.fang.com/,http://sanya.newhouse.fang.com/,海南,http://sanya.shop.fang.com/shou/house/,http://sanya.shop.fang.com/zu/house/,http://sanya.zu.fang.com/
东方,http://dongfang.esf.fang.com/,http://dongfang.newhouse.fang.com/,海南,http://dongfang.shop.fang.com/shou/house/,http://dongfang.shop.fang.com/zu/house/,http://dongfang.zu.fang.com/
儋州,http://danzhou.esf.fang.com/,http://danzhou.newhouse.fang.com/,海南,http://danzhou.shop.fang.com/shou/house/,http://danzhou.shop.fang.com/zu/house/,http://danzhou.zu.fang.com/
万宁,http://wanning.esf.fang.com/,http://wanning.newhouse.fang.com/,海南,http://wanning.shop.fang.com/shou/house/,http://wanning.shop.fang.com/zu/house/,http://wanning.zu.fang.com/
文昌,http://wenchang.esf.fang.com/,http://wenchang.newhouse.fang.com/,海南,http://wenchang.shop.fang.com/shou/house/,http://wenchang.shop.fang.com/zu/house/,http://wenchang.zu.fang.com/
琼海,http://qionghai.esf.fang.com/,http://qionghai.newhouse.fang.com/,海南,http://qionghai.shop.fang.com/shou/house/,http://qionghai.shop.fang.com/zu/house/,http://qionghai.zu.fang.com/
郑州,http://zz.esf.fang.com/,http://zz.newhouse.fang.com/,河南,http://zz.shop.fang.com/shou/house/,http://zz.shop.fang.com/zu/house/,http://zz.zu.fang.com/
洛阳,http://ly.esf.fang.com/,http://ly.newhouse.fang.com/,河南,http://ly.shop.fang.com/shou/house/,http://ly.shop.fang.com/zu/house/,http://ly.zu.fang.com/
焦作,http://jiaozuo.esf.fang.com/,http://jiaozuo.newhouse.fang.com/,河南,http://jiaozuo.shop.fang.com/shou/house/,http://jiaozuo.shop.fang.com/zu/house/,http://jiaozuo.zu.fang.com/
平顶山,http://pingdingshan.esf.fang.com/,http://pingdingshan.newhouse.fang.com/,河南,http://pingdingshan.shop.fang.com/shou/house/,http://pingdingshan.shop.fang.com/zu/house/,http://pingdingshan.zu.fang.com/
驻马店,http://zhumadian.esf.fang.com/,http://zhumadian.newhouse.fang.com/,河南,http://zhumadian.shop.fang.com/shou/house/,http://zhumadian.shop.fang.com/zu/house/,http://zhumadian.zu.fang.com/
新乡,http://xx.esf.fang.com/,http://xx.newhouse.fang.com/,河南,http://xx.shop.fang.com/shou/house/,http://xx.shop.fang.com/zu/house/,http://xx.zu.fang.com/
南阳,http://nanyang.esf.fang.com/,http://nanyang.newhouse.fang.com/,河南,http://nanyang.shop.fang.com/shou/house/,http://nanyang.shop.fang.com/zu/house/,http://nanyang.zu.fang.com/
信阳,http://xinyang.esf.fang.com/,http://xinyang.newhouse.fang.com/,河南,http://xinyang.shop.fang.com/shou/house/,http://xinyang.shop.fang.com/zu/house/,http://xinyang.zu.fang.com/
开封,http://kaifeng.esf.fang.com/,http://kaifeng.newhouse.fang.com/,河南,http://kaifeng.shop.fang.com/shou/house/,http://kaifeng.shop.fang.com/zu/house/,http://kaifeng.zu.fang.com/
漯河,http://luohe.esf.fang.com/,http://luohe.newhouse.fang.com/,河南,http://luohe.shop.fang.com/shou/house/,http://luohe.shop.fang.com/zu/house/,http://luohe.zu.fang.com/
安阳,http://anyang.esf.fang.com/,http://anyang.newhouse.fang.com/,河南,http://anyang.shop.fang.com/shou/house/,http://anyang.shop.fang.com/zu/house/,http://anyang.zu.fang.com/
商丘,http://shangqiu.esf.fang.com/,http://shangqiu.newhouse.fang.com/,河南,http://shangqiu.shop.fang.com/shou/house/,http://shangqiu.shop.fang.com/zu/house/,http://shangqiu.zu.fang.com/
周口,http://zhoukou.esf.fang.com/,http://zhoukou.newhouse.fang.com/,河南,http://zhoukou.shop.fang.com/shou/house/,http://zhoukou.shop.fang.com/zu/house/,http://zhoukou.zu.fang.com/
许昌,http://xuchang.esf.fang.com/,http://xuchang.newhouse.fang.com/,河南,http://xuchang.shop.fang.com/shou/house/,http://xuchang.shop.fang.com/zu/house/,http://xuchang.zu.fang.com/
濮阳,http://puyang.esf.fang.com/,http://puyang.newhouse.fang.com/,河南,http://puyang.shop.fang.com/shou/house/,http://puyang.shop.fang.com/zu/house/,http://puyang.zu.fang.com/
三门峡,http://sanmenxia.esf.fang.com/,http://sanmenxia.newhouse.fang.com/,河南,http://sanmenxia.shop.fang.com/shou/house/,http://sanmenxia.shop.fang.com/zu/house/,http://sanmenxia.zu.fang.com/
鹤壁,http://hebi.esf.fang.com/,http://hebi.newhouse.fang.com/,河南,http://hebi.shop.fang.com/shou/house/,http://hebi.shop.fang.com/zu/house/,http://hebi.zu.fang.com/
汝州,http://ruzhou.esf.fang.com/,http://ruzhou.newhouse.fang.com/,河南,http://ruzhou.shop.fang.com/shou/house/,http://ruzhou.shop.fang.com/zu/house/,http://ruzhou.zu.fang.com/
济源,http://jiyuan.esf.fang.com/,http://jiyuan.newhouse.fang.com/,河南,http://jiyuan.shop.fang.com/shou/house/,http://jiyuan.shop.fang.com/zu/house/,http://jiyuan.zu.fang.com/
鄢陵,http://yanling.esf.fang.com/,http://yanling.newhouse.fang.com/,河南,http://yanling.shop.fang.com/shou/house/,http://yanling.shop.fang.com/zu/house/,http://yanling.zu.fang.com/
禹州,http://hnyz.esf.fang.com/,http://hnyz.newhouse.fang.com/,河南,http://hnyz.shop.fang.com/shou/house/,http://hnyz.shop.fang.com/zu/house/,http://hnyz.zu.fang.com/
长葛,http://changge.esf.fang.com/,http://changge.newhouse.fang.com/,河南,http://changge.shop.fang.com/shou/house/,http://changge.shop.fang.com/zu/house/,http://changge.zu.fang.com/
巩义,http://gongyi.esf.fang.com/,http://gongyi.newhouse.fang.com/,河南,http://gongyi.shop.fang.com/shou/house/,http://gongyi.shop.fang.com/zu/house/,http://gongyi.zu.fang.com/
新郑,http://xinzheng.esf.fang.com/,http://xinzheng.newhouse.fang.com/,河南,http://xinzheng.shop.fang.com/shou/house/,http://xinzheng.shop.fang.com/zu/house/,http://xinzheng.zu.fang.com/
荥阳,http://xingyang.esf.fang.com/,http://xingyang.newhouse.fang.com/,河南,http://xingyang.shop.fang.com/shou/house/,http://xingyang.shop.fang.com/zu/house/,http://xingyang.zu.fang.com/
伊川,http://yichuan.esf.fang.com/,http://yichuan.newhouse.fang.com/,河南,http://yichuan.shop.fang.com/shou/house/,http://yichuan.shop.fang.com/zu/house/,http://yichuan.zu.fang.com/
偃师,http://yanshi.esf.fang.com/,http://yanshi.newhouse.fang.com/,河南,http://yanshi.shop.fang.com/shou/house/,http://yanshi.shop.fang.com/zu/house/,http://yanshi.zu.fang.com/
中牟,http://zhongmou.esf.fang.com/,http://zhongmou.newhouse.fang.com/,河南,http://zhongmou.shop.fang.com/shou/house/,http://zhongmou.shop.fang.com/zu/house/,http://zhongmou.zu.fang.com/
登封,http://dengfeng.esf.fang.com/,http://dengfeng.newhouse.fang.com/,河南,http://dengfeng.shop.fang.com/shou/house/,http://dengfeng.shop.fang.com/zu/house/,http://dengfeng.zu.fang.com/
新安,http://hnxa.esf.fang.com/,http://hnxa.newhouse.fang.com/,河南,http://hnxa.shop.fang.com/shou/house/,http://hnxa.shop.fang.com/zu/house/,http://hnxa.zu.fang.com/
宜阳,http://hnyy.esf.fang.com/,http://hnyy.newhouse.fang.com/,河南,http://hnyy.shop.fang.com/shou/house/,http://hnyy.shop.fang.com/zu/house/,http://hnyy.zu.fang.com/
新密,http://xinmi.esf.fang.com/,http://xinmi.newhouse.fang.com/,河南,http://xinmi.shop.fang.com/shou/house/,http://xinmi.shop.fang.com/zu/house/,http://xinmi.zu.fang.com/
嵩县,http://songxian.esf.fang.com/,http://songxian.newhouse.fang.com/,河南,http://songxian.shop.fang.com/shou/house/,http://songxian.shop.fang.com/zu/house/,http://songxian.zu.fang.com/
洛宁,http://luoning.esf.fang.com/,http://luoning.newhouse.fang.com/,河南,http://luoning.shop.fang.com/shou/house/,http://luoning.shop.fang.com/zu/house/,http://luoning.zu.fang.com/
孟津,http://mengjin.esf.fang.com/,http://mengjin.newhouse.fang.com/,河南,http://mengjin.shop.fang.com/shou/house/,http://mengjin.shop.fang.com/zu/house/,http://mengjin.zu.fang.com/
汝阳,http://ruyang.esf.fang.com/,http://ruyang.newhouse.fang.com/,河南,http://ruyang.shop.fang.com/shou/house/,http://ruyang.shop.fang.com/zu/house/,http://ruyang.zu.fang.com/
邓州,http://dengzhou.esf.fang.com/,http://dengzhou.newhouse.fang.com/,河南,http://dengzhou.shop.fang.com/shou/house/,http://dengzhou.shop.fang.com/zu/house/,http://dengzhou.zu.fang.com/
兰考,http://lankao.esf.fang.com/,http://lankao.newhouse.fang.com/,河南,http://lankao.shop.fang.com/shou/house/,http://lankao.shop.fang.com/zu/house/,http://lankao.zu.fang.com/
栾川,http://luanchuan.esf.fang.com/,http://luanchuan.newhouse.fang.com/,河南,http://luanchuan.shop.fang.com/shou/house/,http://luanchuan.shop.fang.com/zu/house/,http://luanchuan.zu.fang.com/
永城,http://yongcheng.esf.fang.com/,http://yongcheng.newhouse.fang.com/,河南,http://yongcheng.shop.fang.com/shou/house/,http://yongcheng.shop.fang.com/zu/house/,http://yongcheng.zu.fang.com/
舞钢,http://wg.esf.fang.com/,http://wg.newhouse.fang.com/,河南,http://wg.shop.fang.com/shou/house/,http://wg.shop.fang.com/zu/house/,http://wg.zu.fang.com/
哈尔滨,http://hrb.esf.fang.com/,http://hrb.newhouse.fang.com/,黑龙江,http://hrb.shop.fang.com/shou/house/,http://hrb.shop.fang.com/zu/house/,http://hrb.zu.fang.com/
大庆,http://daqing.esf.fang.com/,http://daqing.newhouse.fang.com/,黑龙江,http://daqing.shop.fang.com/shou/house/,http://daqing.shop.fang.com/zu/house/,http://daqing.zu.fang.com/
齐齐哈尔,http://qiqihaer.esf.fang.com/,http://qiqihaer.newhouse.fang.com/,黑龙江,http://qiqihaer.shop.fang.com/shou/house/,http://qiqihaer.shop.fang.com/zu/house/,http://qiqihaer.zu.fang.com/
佳木斯,http://jiamusi.esf.fang.com/,http://jiamusi.newhouse.fang.com/,黑龙江,http://jiamusi.shop.fang.com/shou/house/,http://jiamusi.shop.fang.com/zu/house/,http://jiamusi.zu.fang.com/
鸡西,http://jixi.esf.fang.com/,http://jixi.newhouse.fang.com/,黑龙江,http://jixi.shop.fang.com/shou/house/,http://jixi.shop.fang.com/zu/house/,http://jixi.zu.fang.com/
双鸭山,http://shuangyashan.esf.fang.com/,http://shuangyashan.newhouse.fang.com/,黑龙江,http://shuangyashan.shop.fang.com/shou/house/,http://shuangyashan.shop.fang.com/zu/house/,http://shuangyashan.zu.fang.com/
鹤岗,http://hegang.esf.fang.com/,http://hegang.newhouse.fang.com/,黑龙江,http://hegang.shop.fang.com/shou/house/,http://hegang.shop.fang.com/zu/house/,http://hegang.zu.fang.com/
牡丹江,http://mudanjiang.esf.fang.com/,http://mudanjiang.newhouse.fang.com/,黑龙江,http://mudanjiang.shop.fang.com/shou/house/,http://mudanjiang.shop.fang.com/zu/house/,http://mudanjiang.zu.fang.com/
绥化,http://suihua.esf.fang.com/,http://suihua.newhouse.fang.com/,黑龙江,http://suihua.shop.fang.com/shou/house/,http://suihua.shop.fang.com/zu/house/,http://suihua.zu.fang.com/
七台河,http://qitaihe.esf.fang.com/,http://qitaihe.newhouse.fang.com/,黑龙江,http://qitaihe.shop.fang.com/shou/house/,http://qitaihe.shop.fang.com/zu/house/,http://qitaihe.zu.fang.com/
伊春,http://hljyichun.esf.fang.com/,http://hljyichun.newhouse.fang.com/,黑龙江,http://hljyichun.shop.fang.com/shou/house/,http://hljyichun.shop.fang.com/zu/house/,http://hljyichun.zu.fang.com/
黑河,http://heihe.esf.fang.com/,http://heihe.newhouse.fang.com/,黑龙江,http://heihe.shop.fang.com/shou/house/,http://heihe.shop.fang.com/zu/house/,http://heihe.zu.fang.com/
大兴安岭,http://dxal.esf.fang.com/,http://dxal.newhouse.fang.com/,黑龙江,http://dxal.shop.fang.com/shou/house/,http://dxal.shop.fang.com/zu/house/,http://dxal.zu.fang.com/
肇东,http://zhaodong.esf.fang.com/,http://zhaodong.newhouse.fang.com/,黑龙江,http://zhaodong.shop.fang.com/shou/house/,http://zhaodong.shop.fang.com/zu/house/,http://zhaodong.zu.fang.com/
宾县,http://binxian.esf.fang.com/,http://binxian.newhouse.fang.com/,黑龙江,http://binxian.shop.fang.com/shou/house/,http://binxian.shop.fang.com/zu/house/,http://binxian.zu.fang.com/
安达,http://anda.esf.fang.com/,http://anda.newhouse.fang.com/,黑龙江,http://anda.shop.fang.com/shou/house/,http://anda.shop.fang.com/zu/house/,http://anda.zu.fang.com/
五常,http://wuchang.esf.fang.com/,http://wuchang.newhouse.fang.com/,黑龙江,http://wuchang.shop.fang.com/shou/house/,http://wuchang.shop.fang.com/zu/house/,http://wuchang.zu.fang.com/
尚志,http://shangzhi.esf.fang.com/,http://shangzhi.newhouse.fang.com/,黑龙江,http://shangzhi.shop.fang.com/shou/house/,http://shangzhi.shop.fang.com/zu/house/,http://shangzhi.zu.fang.com/
巴彦,http://bayan.esf.fang.com/,http://bayan.newhouse.fang.com/,黑龙江,http://bayan.shop.fang.com/shou/house/,http://bayan.shop.fang.com/zu/house/,http://bayan.zu.fang.com/
依兰,http://yilan.esf.fang.com/,http://yilan.newhouse.fang.com/,黑龙江,http://yilan.shop.fang.com/shou/house/,http://yilan.shop.fang.com/zu/house/,http://yilan.zu.fang.com/
肇州,http://zhaozhou.esf.fang.com/,http://zhaozhou.newhouse.fang.com/,黑龙江,http://zhaozhou.shop.fang.com/shou/house/,http://zhaozhou.shop.fang.com/zu/house/,http://zhaozhou.zu.fang.com/
肇源,http://zhaoyuan.esf.fang.com/,http://zhaoyuan.newhouse.fang.com/,黑龙江,http://zhaoyuan.shop.fang.com/shou/house/,http://zhaoyuan.shop.fang.com/zu/house/,http://zhaoyuan.zu.fang.com/
海林,http://hailin.esf.fang.com/,http://hailin.newhouse.fang.com/,黑龙江,http://hailin.shop.fang.com/shou/house/,http://hailin.shop.fang.com/zu/house/,http://hailin.zu.fang.com/
武汉,http://wuhan.esf.fang.com/,http://wuhan.newhouse.fang.com/,湖北,http://wuhan.shop.fang.com/shou/house/,http://wuhan.shop.fang.com/zu/house/,http://wuhan.zu.fang.com/
宜昌,http://yc.esf.fang.com/,http://yc.newhouse.fang.com/,湖北,http://yc.shop.fang.com/shou/house/,http://yc.shop.fang.com/zu/house/,http://yc.zu.fang.com/
襄阳,http://xiangyang.esf.fang.com/,http://xiangyang.newhouse.fang.com/,湖北,http://xiangyang.shop.fang.com/shou/house/,http://xiangyang.shop.fang.com/zu/house/,http://xiangyang.zu.fang.com/
荆州,http://jingzhou.esf.fang.com/,http://jingzhou.newhouse.fang.com/,湖北,http://jingzhou.shop.fang.com/shou/house/,http://jingzhou.shop.fang.com/zu/house/,http://jingzhou.zu.fang.com/
十堰,http://shiyan.esf.fang.com/,http://shiyan.newhouse.fang.com/,湖北,http://shiyan.shop.fang.com/shou/house/,http://shiyan.shop.fang.com/zu/house/,http://shiyan.zu.fang.com/
黄冈,http://huanggang.esf.fang.com/,http://huanggang.newhouse.fang.com/,湖北,http://huanggang.shop.fang.com/shou/house/,http://huanggang.shop.fang.com/zu/house/,http://huanggang.zu.fang.com/
荆门,http://jingmen.esf.fang.com/,http://jingmen.newhouse.fang.com/,湖北,http://jingmen.shop.fang.com/shou/house/,http://jingmen.shop.fang.com/zu/house/,http://jingmen.zu.fang.com/
随州,http://suizhou.esf.fang.com/,http://suizhou.newhouse.fang.com/,湖北,http://suizhou.shop.fang.com/shou/house/,http://suizhou.shop.fang.com/zu/house/,http://suizhou.zu.fang.com/
恩施,http://enshi.esf.fang.com/,http://enshi.newhouse.fang.com/,湖北,http://enshi.shop.fang.com/shou/house/,http://enshi.shop.fang.com/zu/house/,http://enshi.zu.fang.com/
孝感,http://xiaogan.esf.fang.com/,http://xiaogan.newhouse.fang.com/,湖北,http://xiaogan.shop.fang.com/shou/house/,http://xiaogan.shop.fang.com/zu/house/,http://xiaogan.zu.fang.com/
黄石,http://huangshi.esf.fang.com/,http://huangshi.newhouse.fang.com/,湖北,http://huangshi.shop.fang.com/shou/house/,http://huangshi.shop.fang.com/zu/house/,http://huangshi.zu.fang.com/
鄂州,http://ezhou.esf.fang.com/,http://ezhou.newhouse.fang.com/,湖北,http://ezhou.shop.fang.com/shou/house/,http://ezhou.shop.fang.com/zu/house/,http://ezhou.zu.fang.com/
咸宁,http://xianning.esf.fang.com/,http://xianning.newhouse.fang.com/,湖北,http://xianning.shop.fang.com/shou/house/,http://xianning.shop.fang.com/zu/house/,http://xianning.zu.fang.com/
仙桃,http://xiantao.esf.fang.com/,http://xiantao.newhouse.fang.com/,湖北,http://xiantao.shop.fang.com/shou/house/,http://xiantao.shop.fang.com/zu/house/,http://xiantao.zu.fang.com/
神农架,http://shennongjia.esf.fang.com/,http://shennongjia.newhouse.fang.com/,湖北,http://shennongjia.shop.fang.com/shou/house/,http://shennongjia.shop.fang.com/zu/house/,http://shennongjia.zu.fang.com/
天门,http://tianmen.esf.fang.com/,http://tianmen.newhouse.fang.com/,湖北,http://tianmen.shop.fang.com/shou/house/,http://tianmen.shop.fang.com/zu/house/,http://tianmen.zu.fang.com/
潜江,http://qj.esf.fang.com/,http://qj.newhouse.fang.com/,湖北,http://qj.shop.fang.com/shou/house/,http://qj.shop.fang.com/zu/house/,http://qj.zu.fang.com/
当阳,http://dangyang.esf.fang.com/,http://dangyang.newhouse.fang.com/,湖北,http://dangyang.shop.fang.com/shou/house/,http://dangyang.shop.fang.com/zu/house/,http://dangyang.zu.fang.com/
宜都,http://yidu.esf.fang.com/,http://yidu.newhouse.fang.com/,湖北,http://yidu.shop.fang.com/shou/house/,http://yidu.shop.fang.com/zu/house/,http://yidu.zu.fang.com/
枝江,http://zhijiang.esf.fang.com/,http://zhijiang.newhouse.fang.com/,湖北,http://zhijiang.shop.fang.com/shou/house/,http://zhijiang.shop.fang.com/zu/house/,http://zhijiang.zu.fang.com/
汉南,http://whhn.esf.fang.com/,http://whhn.newhouse.fang.com/,湖北,http://whhn.shop.fang.com/shou/house/,http://whhn.shop.fang.com/zu/house/,http://whhn.zu.fang.com/
京山,http://hbjs.esf.fang.com/,http://hbjs.newhouse.fang.com/,湖北,http://hbjs.shop.fang.com/shou/house/,http://hbjs.shop.fang.com/zu/house/,http://hbjs.zu.fang.com/
钟祥,http://zhongxiang.esf.fang.com/,http://zhongxiang.newhouse.fang.com/,湖北,http://zhongxiang.shop.fang.com/shou/house/,http://zhongxiang.shop.fang.com/zu/house/,http://zhongxiang.zu.fang.com/
老河口,http://lhk.esf.fang.com/,http://lhk.newhouse.fang.com/,湖北,http://lhk.shop.fang.com/shou/house/,http://lhk.shop.fang.com/zu/house/,http://lhk.zu.fang.com/
枣阳,http://hbzy.esf.fang.com/,http://hbzy.newhouse.fang.com/,湖北,http://hbzy.shop.fang.com/shou/house/,http://hbzy.shop.fang.com/zu/house/,http://hbzy.zu.fang.com/
宜城,http://hbyc.esf.fang.com/,http://hbyc.newhouse.fang.com/,湖北,http://hbyc.shop.fang.com/shou/house/,http://hbyc.shop.fang.com/zu/house/,http://hbyc.zu.fang.com/
大冶,http://daye.esf.fang.com/,http://daye.newhouse.fang.com/,湖北,http://daye.shop.fang.com/shou/house/,http://daye.shop.fang.com/zu/house/,http://daye.zu.fang.com/
安陆,http://anlu.esf.fang.com/,http://anlu.newhouse.fang.com/,湖北,http://anlu.shop.fang.com/shou/house/,http://anlu.shop.fang.com/zu/house/,http://anlu.zu.fang.com/
长沙,http://cs.esf.fang.com/,http://cs.newhouse.fang.com/,湖南,http://cs.shop.fang.com/shou/house/,http://cs.shop.fang.com/zu/house/,http://cs.zu.fang.com/
株洲,http://zhuzhou.esf.fang.com/,http://zhuzhou.newhouse.fang.com/,湖南,http://zhuzhou.shop.fang.com/shou/house/,http://zhuzhou.shop.fang.com/zu/house/,http://zhuzhou.zu.fang.com/
衡阳,http://hengyang.esf.fang.com/,http://hengyang.newhouse.fang.com/,湖南,http://hengyang.shop.fang.com/shou/house/,http://hengyang.shop.fang.com/zu/house/,http://hengyang.zu.fang.com/
岳阳,http://yueyang.esf.fang.com/,http://yueyang.newhouse.fang.com/,湖南,http://yueyang.shop.fang.com/shou/house/,http://yueyang.shop.fang.com/zu/house/,http://yueyang.zu.fang.com/
湘潭,http://xt.esf.fang.com/,http://xt.newhouse.fang.com/,湖南,http://xt.shop.fang.com/shou/house/,http://xt.shop.fang.com/zu/house/,http://xt.zu.fang.com/
常德,http://changde.esf.fang.com/,http://changde.newhouse.fang.com/,湖南,http://changde.shop.fang.com/shou/house/,http://changde.shop.fang.com/zu/house/,http://changde.zu.fang.com/
益阳,http://yiyang.esf.fang.com/,http://yiyang.newhouse.fang.com/,湖南,http://yiyang.shop.fang.com/shou/house/,http://yiyang.shop.fang.com/zu/house/,http://yiyang.zu.fang.com/
永州,http://yongzhou.esf.fang.com/,http://yongzhou.newhouse.fang.com/,湖南,http://yongzhou.shop.fang.com/shou/house/,http://yongzhou.shop.fang.com/zu/house/,http://yongzhou.zu.fang.com/
娄底,http://loudi.esf.fang.com/,http://loudi.newhouse.fang.com/,湖南,http://loudi.shop.fang.com/shou/house/,http://loudi.shop.fang.com/zu/house/,http://loudi.zu.fang.com/
邵阳,http://shaoyang.esf.fang.com/,http://shaoyang.newhouse.fang.com/,湖南,http://shaoyang.shop.fang.com/shou/house/,http://shaoyang.shop.fang.com/zu/house/,http://shaoyang.zu.fang.com/
怀化,http://huaihua.esf.fang.com/,http://huaihua.newhouse.fang.com/,湖南,http://huaihua.shop.fang.com/shou/house/,http://huaihua.shop.fang.com/zu/house/,http://huaihua.zu.fang.com/
郴州,http://chenzhou.esf.fang.com/,http://chenzhou.newhouse.fang.com/,湖南,http://chenzhou.shop.fang.com/shou/house/,http://chenzhou.shop.fang.com/zu/house/,http://chenzhou.zu.fang.com/
湘西,http://xiangxi.esf.fang.com/,http://xiangxi.newhouse.fang.com/,湖南,http://xiangxi.shop.fang.com/shou/house/,http://xiangxi.shop.fang.com/zu/house/,http://xiangxi.zu.fang.com/
张家界,http://zhangjiajie.esf.fang.com/,http://zhangjiajie.newhouse.fang.com/,湖南,http://zhangjiajie.shop.fang.com/shou/house/,http://zhangjiajie.shop.fang.com/zu/house/,http://zhangjiajie.zu.fang.com/
浏阳,http://liuyang.esf.fang.com/,http://liuyang.newhouse.fang.com/,湖南,http://liuyang.shop.fang.com/shou/house/,http://liuyang.shop.fang.com/zu/house/,http://liuyang.zu.fang.com/
宁乡,http://ningxiang.esf.fang.com/,http://ningxiang.newhouse.fang.com/,湖南,http://ningxiang.shop.fang.com/shou/house/,http://ningxiang.shop.fang.com/zu/house/,http://ningxiang.zu.fang.com/
醴陵,http://liling.esf.fang.com/,http://liling.newhouse.fang.com/,湖南,http://liling.shop.fang.com/shou/house/,http://liling.shop.fang.com/zu/house/,http://liling.zu.fang.com/
攸县,http://youxian.esf.fang.com,http://youxian.newhouse.fang.com,湖南,http://youxian.shop.fang.comshou/house/,http://youxian.shop.fang.comzu/house/,http://youxian.zu.fang.com
湘乡,http://xiangxiang.esf.fang.com,http://xiangxiang.newhouse.fang.com,湖南,http://xiangxiang.shop.fang.comshou/house/,http://xiangxiang.shop.fang.comzu/house/,http://xiangxiang.zu.fang.com
望城,http://cswc.esf.fang.com/,http://cswc.newhouse.fang.com/,湖南,http://cswc.shop.fang.com/shou/house/,http://cswc.shop.fang.com/zu/house/,http://cswc.zu.fang.com/
耒阳,http://leiyang.esf.fang.com/,http://leiyang.newhouse.fang.com/,湖南,http://leiyang.shop.fang.com/shou/house/,http://leiyang.shop.fang.com/zu/house/,http://leiyang.zu.fang.com/
常宁,http://cn.esf.fang.com/,http://cn.newhouse.fang.com/,湖南,http://cn.shop.fang.com/shou/house/,http://cn.shop.fang.com/zu/house/,http://cn.zu.fang.com/
石家庄,http://sjz.esf.fang.com/,http://sjz.newhouse.fang.com/,河北,http://sjz.shop.fang.com/shou/house/,http://sjz.shop.fang.com/zu/house/,http://sjz.zu.fang.com/
唐山,http://ts.esf.fang.com/,http://ts.newhouse.fang.com/,河北,http://ts.shop.fang.com/shou/house/,http://ts.shop.fang.com/zu/house/,http://ts.zu.fang.com/
保定,http://bd.esf.fang.com/,http://bd.newhouse.fang.com/,河北,http://bd.shop.fang.com/shou/house/,http://bd.shop.fang.com/zu/house/,http://bd.zu.fang.com/
沧州,http://cangzhou.esf.fang.com/,http://cangzhou.newhouse.fang.com/,河北,http://cangzhou.shop.fang.com/shou/house/,http://cangzhou.shop.fang.com/zu/house/,http://cangzhou.zu.fang.com/
廊坊,http://lf.esf.fang.com/,http://lf.newhouse.fang.com/,河北,http://lf.shop.fang.com/shou/house/,http://lf.shop.fang.com/zu/house/,http://lf.zu.fang.com/
邢台,http://xingtai.esf.fang.com/,http://xingtai.newhouse.fang.com/,河北,http://xingtai.shop.fang.com/shou/house/,http://xingtai.shop.fang.com/zu/house/,http://xingtai.zu.fang.com/
邯郸,http://hd.esf.fang.com/,http://hd.newhouse.fang.com/,河北,http://hd.shop.fang.com/shou/house/,http://hd.shop.fang.com/zu/house/,http://hd.zu.fang.com/
秦皇岛,http://qhd.esf.fang.com/,http://qhd.newhouse.fang.com/,河北,http://qhd.shop.fang.com/shou/house/,http://qhd.shop.fang.com/zu/house/,http://qhd.zu.fang.com/
衡水,http://hs.esf.fang.com/,http://hs.newhouse.fang.com/,河北,http://hs.shop.fang.com/shou/house/,http://hs.shop.fang.com/zu/house/,http://hs.zu.fang.com/
张家口,http://zhangjiakou.esf.fang.com/,http://zhangjiakou.newhouse.fang.com/,河北,http://zhangjiakou.shop.fang.com/shou/house/,http://zhangjiakou.shop.fang.com/zu/house/,http://zhangjiakou.zu.fang.com/
承德,http://chengde.esf.fang.com/,http://chengde.newhouse.fang.com/,河北,http://chengde.shop.fang.com/shou/house/,http://chengde.shop.fang.com/zu/house/,http://chengde.zu.fang.com/
固安,http://guan.esf.fang.com/,http://guan.newhouse.fang.com/,河北,http://guan.shop.fang.com/shou/house/,http://guan.shop.fang.com/zu/house/,http://guan.zu.fang.com/
涿州,http://zhuozhou.esf.fang.com/,http://zhuozhou.newhouse.fang.com/,河北,http://zhuozhou.shop.fang.com/shou/house/,http://zhuozhou.shop.fang.com/zu/house/,http://zhuozhou.zu.fang.com/
遵化,http://zunhua.esf.fang.com/,http://zunhua.newhouse.fang.com/,河北,http://zunhua.shop.fang.com/shou/house/,http://zunhua.shop.fang.com/zu/house/,http://zunhua.zu.fang.com/
迁安,http://qianan.esf.fang.com/,http://qianan.newhouse.fang.com/,河北,http://qianan.shop.fang.com/shou/house/,http://qianan.shop.fang.com/zu/house/,http://qianan.zu.fang.com/
定州,http://dingzhou.esf.fang.com/,http://dingzhou.newhouse.fang.com/,河北,http://dingzhou.shop.fang.com/shou/house/,http://dingzhou.shop.fang.com/zu/house/,http://dingzhou.zu.fang.com/
辛集,http://xinji.esf.fang.com/,http://xinji.newhouse.fang.com/,河北,http://xinji.shop.fang.com/shou/house/,http://xinji.shop.fang.com/zu/house/,http://xinji.zu.fang.com/
滦县,http://luanxian.esf.fang.com/,http://luanxian.newhouse.fang.com/,河北,http://luanxian.shop.fang.com/shou/house/,http://luanxian.shop.fang.com/zu/house/,http://luanxian.zu.fang.com/
玉田,http://yutian.esf.fang.com/,http://yutian.newhouse.fang.com/,河北,http://yutian.shop.fang.com/shou/house/,http://yutian.shop.fang.com/zu/house/,http://yutian.zu.fang.com/
晋州,http://hbjz.esf.fang.com/,http://hbjz.newhouse.fang.com/,河北,http://hbjz.shop.fang.com/shou/house/,http://hbjz.shop.fang.com/zu/house/,http://hbjz.zu.fang.com/
滦南,http://luannan.esf.fang.com/,http://luannan.newhouse.fang.com/,河北,http://luannan.shop.fang.com/shou/house/,http://luannan.shop.fang.com/zu/house/,http://luannan.zu.fang.com/
高碑店,http://gaobeidian.esf.fang.com/,http://gaobeidian.newhouse.fang.com/,河北,http://gaobeidian.shop.fang.com/shou/house/,http://gaobeidian.shop.fang.com/zu/house/,http://gaobeidian.zu.fang.com/
赵县,http://hbzx.esf.fang.com/,http://hbzx.newhouse.fang.com/,河北,http://hbzx.shop.fang.com/shou/house/,http://hbzx.shop.fang.com/zu/house/,http://hbzx.zu.fang.com/
无极,http://hbwj.esf.fang.com/,http://hbwj.newhouse.fang.com/,河北,http://hbwj.shop.fang.com/shou/house/,http://hbwj.shop.fang.com/zu/house/,http://hbwj.zu.fang.com/
青龙,http://hbql.esf.fang.com/,http://hbql.newhouse.fang.com/,河北,http://hbql.shop.fang.com/shou/house/,http://hbql.shop.fang.com/zu/house/,http://hbql.zu.fang.com/
乐亭,http://hblt.esf.fang.com/,http://hblt.newhouse.fang.com/,河北,http://hblt.shop.fang.com/shou/house/,http://hblt.shop.fang.com/zu/house/,http://hblt.zu.fang.com/
迁西,http://qianxi.esf.fang.com/,http://qianxi.newhouse.fang.com/,河北,http://qianxi.shop.fang.com/shou/house/,http://qianxi.shop.fang.com/zu/house/,http://qianxi.zu.fang.com/
文安,http://wenan.esf.fang.com/,http://wenan.newhouse.fang.com/,河北,http://wenan.shop.fang.com/shou/house/,http://wenan.shop.fang.com/zu/house/,http://wenan.zu.fang.com/
新乐,http://xinle.esf.fang.com/,http://xinle.newhouse.fang.com/,河北,http://xinle.shop.fang.com/shou/house/,http://xinle.shop.fang.com/zu/house/,http://xinle.zu.fang.com/
元氏,http://hbys.esf.fang.com/,http://hbys.newhouse.fang.com/,河北,http://hbys.shop.fang.com/shou/house/,http://hbys.shop.fang.com/zu/house/,http://hbys.zu.fang.com/
霸州,http://hbbz.esf.fang.com/,http://hbbz.newhouse.fang.com/,河北,http://hbbz.shop.fang.com/shou/house/,http://hbbz.shop.fang.com/zu/house/,http://hbbz.zu.fang.com/
昌黎,http://changli.esf.fang.com/,http://changli.newhouse.fang.com/,河北,http://changli.shop.fang.com/shou/house/,http://changli.shop.fang.com/zu/house/,http://changli.zu.fang.com/
平山,http://hbps.esf.fang.com/,http://hbps.newhouse.fang.com/,河北,http://hbps.shop.fang.com/shou/house/,http://hbps.shop.fang.com/zu/house/,http://hbps.zu.fang.com/
武安,http://wuan.esf.fang.com/,http://wuan.newhouse.fang.com/,河北,http://wuan.shop.fang.com/shou/house/,http://wuan.shop.fang.com/zu/house/,http://wuan.zu.fang.com/
任丘,http://renqiu.esf.fang.com/,http://renqiu.newhouse.fang.com/,河北,http://renqiu.shop.fang.com/shou/house/,http://renqiu.shop.fang.com/zu/house/,http://renqiu.zu.fang.com/
深州,http://hbsz.esf.fang.com,http://hbsz.newhouse.fang.com,河北,http://hbsz.shop.fang.comshou/house/,http://hbsz.shop.fang.comzu/house/,http://hbsz.zu.fang.com
冀州,http://jz.esf.fang.com/,http://jz.newhouse.fang.com/,河北,http://jz.shop.fang.com/shou/house/,http://jz.shop.fang.com/zu/house/,http://jz.zu.fang.com/
三河,http://hbsh.esf.fang.com,http://hbsh.newhouse.fang.com,河北,http://hbsh.shop.fang.comshou/house/,http://hbsh.shop.fang.comzu/house/,http://hbsh.zu.fang.com
蔚县,http://yuxian.esf.fang.com/,http://yuxian.newhouse.fang.com/,河北,http://yuxian.shop.fang.com/shou/house/,http://yuxian.shop.fang.com/zu/house/,http://yuxian.zu.fang.com/
永清,http://yongqing.esf.fang.com/,http://yongqing.newhouse.fang.com/,河北,http://yongqing.shop.fang.com/shou/house/,http://yongqing.shop.fang.com/zu/house/,http://yongqing.zu.fang.com/
高阳,http://gaoyang.esf.fang.com/,http://gaoyang.newhouse.fang.com/,河北,http://gaoyang.shop.fang.com/shou/house/,http://gaoyang.shop.fang.com/zu/house/,http://gaoyang.zu.fang.com/
定兴,http://dingxing.esf.fang.com/,http://dingxing.newhouse.fang.com/,河北,http://dingxing.shop.fang.com/shou/house/,http://dingxing.shop.fang.com/zu/house/,http://dingxing.zu.fang.com/
涞水,http://laishui.esf.fang.com,http://laishui.newhouse.fang.com,河北,http://laishui.shop.fang.comshou/house/,http://laishui.shop.fang.comzu/house/,http://laishui.zu.fang.com
南京,http://nanjing.esf.fang.com/,http://nanjing.newhouse.fang.com/,江苏,http://nanjing.shop.fang.com/shou/house/,http://nanjing.shop.fang.com/zu/house/,http://nanjing.zu.fang.com/
苏州,http://suzhou.esf.fang.com/,http://suzhou.newhouse.fang.com/,江苏,http://suzhou.shop.fang.com/shou/house/,http://suzhou.shop.fang.com/zu/house/,http://suzhou.zu.fang.com/
无锡,http://wuxi.esf.fang.com/,http://wuxi.newhouse.fang.com/,江苏,http://wuxi.shop.fang.com/shou/house/,http://wuxi.shop.fang.com/zu/house/,http://wuxi.zu.fang.com/
徐州,http://xz.esf.fang.com/,http://xz.newhouse.fang.com/,江苏,http://xz.shop.fang.com/shou/house/,http://xz.shop.fang.com/zu/house/,http://xz.zu.fang.com/
常州,http://cz.esf.fang.com/,http://cz.newhouse.fang.com/,江苏,http://cz.shop.fang.com/shou/house/,http://cz.shop.fang.com/zu/house/,http://cz.zu.fang.com/
淮安,http://huaian.esf.fang.com/,http://huaian.newhouse.fang.com/,江苏,http://huaian.shop.fang.com/shou/house/,http://huaian.shop.fang.com/zu/house/,http://huaian.zu.fang.com/
扬州,http://yz.esf.fang.com/,http://yz.newhouse.fang.com/,江苏,http://yz.shop.fang.com/shou/house/,http://yz.shop.fang.com/zu/house/,http://yz.zu.fang.com/
南通,http://nt.esf.fang.com/,http://nt.newhouse.fang.com/,江苏,http://nt.shop.fang.com/shou/house/,http://nt.shop.fang.com/zu/house/,http://nt.zu.fang.com/
盐城,http://yancheng.esf.fang.com/,http://yancheng.newhouse.fang.com/,江苏,http://yancheng.shop.fang.com/shou/house/,http://yancheng.shop.fang.com/zu/house/,http://yancheng.zu.fang.com/
连云港,http://lyg.esf.fang.com/,http://lyg.newhouse.fang.com/,江苏,http://lyg.shop.fang.com/shou/house/,http://lyg.shop.fang.com/zu/house/,http://lyg.zu.fang.com/
宿迁,http://sq.esf.fang.com/,http://sq.newhouse.fang.com/,江苏,http://sq.shop.fang.com/shou/house/,http://sq.shop.fang.com/zu/house/,http://sq.zu.fang.com/
泰州,http://taizhou.esf.fang.com/,http://taizhou.newhouse.fang.com/,江苏,http://taizhou.shop.fang.com/shou/house/,http://taizhou.shop.fang.com/zu/house/,http://taizhou.zu.fang.com/
镇江,http://zhenjiang.esf.fang.com/,http://zhenjiang.newhouse.fang.com/,江苏,http://zhenjiang.shop.fang.com/shou/house/,http://zhenjiang.shop.fang.com/zu/house/,http://zhenjiang.zu.fang.com/
常熟,http://changshu.esf.fang.com/,http://changshu.newhouse.fang.com/,江苏,http://changshu.shop.fang.com/shou/house/,http://changshu.shop.fang.com/zu/house/,http://changshu.zu.fang.com/
张家港,http://zjg.esf.fang.com/,http://zjg.newhouse.fang.com/,江苏,http://zjg.shop.fang.com/shou/house/,http://zjg.shop.fang.com/zu/house/,http://zjg.zu.fang.com/
昆山,http://ks.esf.fang.com/,http://ks.newhouse.fang.com/,江苏,http://ks.shop.fang.com/shou/house/,http://ks.shop.fang.com/zu/house/,http://ks.zu.fang.com/
吴江,http://wj.esf.esf.fang,http://wj.newhouse.esf.fang,江苏,http://wj.shop.esf.fangshou/house/,http://wj.shop.esf.fangzu/house/,http://wj.zu.esf.fang
邳州,http://pizhou.esf.fang.com/,http://pizhou.newhouse.fang.com/,江苏,http://pizhou.shop.fang.com/shou/house/,http://pizhou.shop.fang.com/zu/house/,http://pizhou.zu.fang.com/
启东,http://qidong.esf.fang.com/,http://qidong.newhouse.fang.com/,江苏,http://qidong.shop.fang.com/shou/house/,http://qidong.shop.fang.com/zu/house/,http://qidong.zu.fang.com/
溧阳,http://liyang.esf.fang.com/,http://liyang.newhouse.fang.com/,江苏,http://liyang.shop.fang.com/shou/house/,http://liyang.shop.fang.com/zu/house/,http://liyang.zu.fang.com/
东台,http://dongtai.esf.fang.com/,http://dongtai.newhouse.fang.com/,江苏,http://dongtai.shop.fang.com/shou/house/,http://dongtai.shop.fang.com/zu/house/,http://dongtai.zu.fang.com/
泰兴,http://taixing.esf.fang.com/,http://taixing.newhouse.fang.com/,江苏,http://taixing.shop.fang.com/shou/house/,http://taixing.shop.fang.com/zu/house/,http://taixing.zu.fang.com/
兴化,http://xinghua.esf.fang.com/,http://xinghua.newhouse.fang.com/,江苏,http://xinghua.shop.fang.com/shou/house/,http://xinghua.shop.fang.com/zu/house/,http://xinghua.zu.fang.com/
海门,http://haimen.esf.fang.com/,http://haimen.newhouse.fang.com/,江苏,http://haimen.shop.fang.com/shou/house/,http://haimen.shop.fang.com/zu/house/,http://haimen.zu.fang.com/
如皋,http://rugao.esf.fang.com/,http://rugao.newhouse.fang.com/,江苏,http://rugao.shop.fang.com/shou/house/,http://rugao.shop.fang.com/zu/house/,http://rugao.zu.fang.com/
江都,http://jiangdu.esf.fang.com/,http://jiangdu.newhouse.fang.com/,江苏,http://jiangdu.shop.fang.com/shou/house/,http://jiangdu.shop.fang.com/zu/house/,http://jiangdu.zu.fang.com/
新沂,http://xinyi.esf.fang.com/,http://xinyi.newhouse.fang.com/,江苏,http://xinyi.shop.fang.com/shou/house/,http://xinyi.shop.fang.com/zu/house/,http://xinyi.zu.fang.com/
高邮,http://gaoyou.esf.fang.com/,http://gaoyou.newhouse.fang.com/,江苏,http://gaoyou.shop.fang.com/shou/house/,http://gaoyou.shop.fang.com/zu/house/,http://gaoyou.zu.fang.com/
靖江,http://jingjiang.esf.fang.com/,http://jingjiang.newhouse.fang.com/,江苏,http://jingjiang.shop.fang.com/shou/house/,http://jingjiang.shop.fang.com/zu/house/,http://jingjiang.zu.fang.com/
太仓,http://tc.esf.fang.com/,http://tc.newhouse.fang.com/,江苏,http://tc.shop.fang.com/shou/house/,http://tc.shop.fang.com/zu/house/,http://tc.zu.fang.com/
江阴,http://jy.esf.fang.com/,http://jy.newhouse.fang.com/,江苏,http://jy.shop.fang.com/shou/house/,http://jy.shop.fang.com/zu/house/,http://jy.zu.fang.com/
宜兴,http://yixing.esf.fang.com/,http://yixing.newhouse.fang.com/,江苏,http://yixing.shop.fang.com/shou/house/,http://yixing.shop.fang.com/zu/house/,http://yixing.zu.fang.com/
沭阳,http://shuyang.esf.fang.com/,http://shuyang.newhouse.fang.com/,江苏,http://shuyang.shop.fang.com/shou/house/,http://shuyang.shop.fang.com/zu/house/,http://shuyang.zu.fang.com/
海安,http://haian.esf.fang.com/,http://haian.newhouse.fang.com/,江苏,http://haian.shop.fang.com/shou/house/,http://haian.shop.fang.com/zu/house/,http://haian.zu.fang.com/
如东,http://rudong.esf.fang.com/,http://rudong.newhouse.fang.com/,江苏,http://rudong.shop.fang.com/shou/house/,http://rudong.shop.fang.com/zu/house/,http://rudong.zu.fang.com/
仪征,http://yizheng.esf.fang.com/,http://yizheng.newhouse.fang.com/,江苏,http://yizheng.shop.fang.com/shou/house/,http://yizheng.shop.fang.com/zu/house/,http://yizheng.zu.fang.com/
金坛,http://jintan.esf.fang.com/,http://jintan.newhouse.fang.com/,江苏,http://jintan.shop.fang.com/shou/house/,http://jintan.shop.fang.com/zu/house/,http://jintan.zu.fang.com/
睢宁,http://jssn.esf.fang.com/,http://jssn.newhouse.fang.com/,江苏,http://jssn.shop.fang.com/shou/house/,http://jssn.shop.fang.com/zu/house/,http://jssn.zu.fang.com/
丰县,http://jsfx.esf.fang.com/,http://jsfx.newhouse.fang.com/,江苏,http://jsfx.shop.fang.com/shou/house/,http://jsfx.shop.fang.com/zu/house/,http://jsfx.zu.fang.com/
沛县,http://peixian.esf.fang.com/,http://peixian.newhouse.fang.com/,江苏,http://peixian.shop.fang.com/shou/house/,http://peixian.shop.fang.com/zu/house/,http://peixian.zu.fang.com/
句容,http://jr.esf.fang.com/,http://jr.newhouse.fang.com/,江苏,http://jr.shop.fang.com/shou/house/,http://jr.shop.fang.com/zu/house/,http://jr.zu.fang.com/
宝应,http://baoying.esf.fang.com/,http://baoying.newhouse.fang.com/,江苏,http://baoying.shop.fang.com/shou/house/,http://baoying.shop.fang.com/zu/house/,http://baoying.zu.fang.com/
高淳,http://njgc.esf.fang.com/,http://njgc.newhouse.fang.com/,江苏,http://njgc.shop.fang.com/shou/house/,http://njgc.shop.fang.com/zu/house/,http://njgc.zu.fang.com/
泉山,http://quanshan.esf.fang.com/,http://quanshan.newhouse.fang.com/,江苏,http://quanshan.shop.fang.com/shou/house/,http://quanshan.shop.fang.com/zu/house/,http://quanshan.zu.fang.com/
铜山,http://tongshan.esf.fang.com/,http://tongshan.newhouse.fang.com/,江苏,http://tongshan.shop.fang.com/shou/house/,http://tongshan.shop.fang.com/zu/house/,http://tongshan.zu.fang.com/
阜宁,http://funing.esf.fang.com/,http://funing.newhouse.fang.com/,江苏,http://funing.shop.fang.com/shou/house/,http://funing.shop.fang.com/zu/house/,http://funing.zu.fang.com/
姜堰,http://jiangyan.esf.fang.com/,http://jiangyan.newhouse.fang.com/,江苏,http://jiangyan.shop.fang.com/shou/house/,http://jiangyan.shop.fang.com/zu/house/,http://jiangyan.zu.fang.com/
玉山,http://ksys.esf.fang.com/,http://ksys.newhouse.fang.com/,江苏,http://ksys.shop.fang.com/shou/house/,http://ksys.shop.fang.com/zu/house/,http://ksys.zu.fang.com/
金湖,http://jinhu.esf.fang.com/,http://jinhu.newhouse.fang.com/,江苏,http://jinhu.shop.fang.com/shou/house/,http://jinhu.shop.fang.com/zu/house/,http://jinhu.zu.fang.com/
东海,http://donghai.esf.fang.com/,http://donghai.newhouse.fang.com/,江苏,http://donghai.shop.fang.com/shou/house/,http://donghai.shop.fang.com/zu/house/,http://donghai.zu.fang.com/
盱眙,http://xuyi.esf.fang.com/,http://xuyi.newhouse.fang.com/,江苏,http://xuyi.shop.fang.com/shou/house/,http://xuyi.shop.fang.com/zu/house/,http://xuyi.zu.fang.com/
泗洪,http://sihong.esf.fang.com/,http://sihong.newhouse.fang.com/,江苏,http://sihong.shop.fang.com/shou/house/,http://sihong.shop.fang.com/zu/house/,http://sihong.zu.fang.com/
南昌,http://nc.esf.fang.com/,http://nc.newhouse.fang.com/,江西,http://nc.shop.fang.com/shou/house/,http://nc.shop.fang.com/zu/house/,http://nc.zu.fang.com/
赣州,http://ganzhou.esf.fang.com/,http://ganzhou.newhouse.fang.com/,江西,http://ganzhou.shop.fang.com/shou/house/,http://ganzhou.shop.fang.com/zu/house/,http://ganzhou.zu.fang.com/
九江,http://jiujiang.esf.fang.com/,http://jiujiang.newhouse.fang.com/,江西,http://jiujiang.shop.fang.com/shou/house/,http://jiujiang.shop.fang.com/zu/house/,http://jiujiang.zu.fang.com/
吉安,http://jian.esf.fang.com/,http://jian.newhouse.fang.com/,江西,http://jian.shop.fang.com/shou/house/,http://jian.shop.fang.com/zu/house/,http://jian.zu.fang.com/
上饶,http://shangrao.esf.fang.com/,http://shangrao.newhouse.fang.com/,江西,http://shangrao.shop.fang.com/shou/house/,http://shangrao.shop.fang.com/zu/house/,http://shangrao.zu.fang.com/
萍乡,http://pingxiang.esf.fang.com/,http://pingxiang.newhouse.fang.com/,江西,http://pingxiang.shop.fang.com/shou/house/,http://pingxiang.shop.fang.com/zu/house/,http://pingxiang.zu.fang.com/
鹰潭,http://yingtan.esf.fang.com/,http://yingtan.newhouse.fang.com/,江西,http://yingtan.shop.fang.com/shou/house/,http://yingtan.shop.fang.com/zu/house/,http://yingtan.zu.fang.com/
宜春,http://yichun.esf.fang.com/,http://yichun.newhouse.fang.com/,江西,http://yichun.shop.fang.com/shou/house/,http://yichun.shop.fang.com/zu/house/,http://yichun.zu.fang.com/
景德镇,http://jingdezhen.esf.fang.com/,http://jingdezhen.newhouse.fang.com/,江西,http://jingdezhen.shop.fang.com/shou/house/,http://jingdezhen.shop.fang.com/zu/house/,http://jingdezhen.zu.fang.com/
抚州,http://jxfuzhou.esf.fang.com/,http://jxfuzhou.newhouse.fang.com/,江西,http://jxfuzhou.shop.fang.com/shou/house/,http://jxfuzhou.shop.fang.com/zu/house/,http://jxfuzhou.zu.fang.com/
新余,http://xinyu.esf.fang.com/,http://xinyu.newhouse.fang.com/,江西,http://xinyu.shop.fang.com/shou/house/,http://xinyu.shop.fang.com/zu/house/,http://xinyu.zu.fang.com/
瑞金,http://ruijin.esf.fang.com/,http://ruijin.newhouse.fang.com/,江西,http://ruijin.shop.fang.com/shou/house/,http://ruijin.shop.fang.com/zu/house/,http://ruijin.zu.fang.com/
进贤,http://jinxian.esf.fang.com/,http://jinxian.newhouse.fang.com/,江西,http://jinxian.shop.fang.com/shou/house/,http://jinxian.shop.fang.com/zu/house/,http://jinxian.zu.fang.com/
新建,http://xinjian.esf.fang.com/,http://xinjian.newhouse.fang.com/,江西,http://xinjian.shop.fang.com/shou/house/,http://xinjian.shop.fang.com/zu/house/,http://xinjian.zu.fang.com/
丰城,http://jxfc.esf.fang.com/,http://jxfc.newhouse.fang.com/,江西,http://jxfc.shop.fang.com/shou/house/,http://jxfc.shop.fang.com/zu/house/,http://jxfc.zu.fang.com/
靖安,http://jxja.esf.fang.com/,http://jxja.newhouse.fang.com/,江西,http://jxja.shop.fang.com/shou/house/,http://jxja.shop.fang.com/zu/house/,http://jxja.zu.fang.com/
长春,http://changchun.esf.fang.com/,http://changchun.newhouse.fang.com/,吉林,http://changchun.shop.fang.com/shou/house/,http://changchun.shop.fang.com/zu/house/,http://changchun.zu.fang.com/
吉林,http://jl.esf.fang.com/,http://jl.newhouse.fang.com/,吉林,http://jl.shop.fang.com/shou/house/,http://jl.shop.fang.com/zu/house/,http://jl.zu.fang.com/
四平,http://siping.esf.fang.com/,http://siping.newhouse.fang.com/,吉林,http://siping.shop.fang.com/shou/house/,http://siping.shop.fang.com/zu/house/,http://siping.zu.fang.com/
白山,http://baishan.esf.fang.com/,http://baishan.newhouse.fang.com/,吉林,http://baishan.shop.fang.com/shou/house/,http://baishan.shop.fang.com/zu/house/,http://baishan.zu.fang.com/
白城,http://baicheng.esf.fang.com/,http://baicheng.newhouse.fang.com/,吉林,http://baicheng.shop.fang.com/shou/house/,http://baicheng.shop.fang.com/zu/house/,http://baicheng.zu.fang.com/
延边,http://yanbian.esf.fang.com/,http://yanbian.newhouse.fang.com/,吉林,http://yanbian.shop.fang.com/shou/house/,http://yanbian.shop.fang.com/zu/house/,http://yanbian.zu.fang.com/
通化,http://tonghua.esf.fang.com/,http://tonghua.newhouse.fang.com/,吉林,http://tonghua.shop.fang.com/shou/house/,http://tonghua.shop.fang.com/zu/house/,http://tonghua.zu.fang.com/
松原,http://songyuan.esf.fang.com/,http://songyuan.newhouse.fang.com/,吉林,http://songyuan.shop.fang.com/shou/house/,http://songyuan.shop.fang.com/zu/house/,http://songyuan.zu.fang.com/
辽源,http://liaoyuan.esf.fang.com/,http://liaoyuan.newhouse.fang.com/,吉林,http://liaoyuan.shop.fang.com/shou/house/,http://liaoyuan.shop.fang.com/zu/house/,http://liaoyuan.zu.fang.com/
农安,http://nongan.esf.fang.com/,http://nongan.newhouse.fang.com/,吉林,http://nongan.shop.fang.com/shou/house/,http://nongan.shop.fang.com/zu/house/,http://nongan.zu.fang.com/
德惠,http://dehui.esf.fang.com/,http://dehui.newhouse.fang.com/,吉林,http://dehui.shop.fang.com/shou/house/,http://dehui.shop.fang.com/zu/house/,http://dehui.zu.fang.com/
榆树,http://jlys.esf.fang.com/,http://jlys.newhouse.fang.com/,吉林,http://jlys.shop.fang.com/shou/house/,http://jlys.shop.fang.com/zu/house/,http://jlys.zu.fang.com/
桦甸,http://huadian.esf.fang.com/,http://huadian.newhouse.fang.com/,吉林,http://huadian.shop.fang.com/shou/house/,http://huadian.shop.fang.com/zu/house/,http://huadian.zu.fang.com/
公主岭,http://gongzhuling.esf.fang.com/,http://gongzhuling.newhouse.fang.com/,吉林,http://gongzhuling.shop.fang.com/shou/house/,http://gongzhuling.shop.fang.com/zu/house/,http://gongzhuling.zu.fang.com/
沈阳,http://sy.esf.fang.com/,http://sy.newhouse.fang.com/,辽宁,http://sy.shop.fang.com/shou/house/,http://sy.shop.fang.com/zu/house/,http://sy.zu.fang.com/
大连,http://dl.esf.fang.com/,http://dl.newhouse.fang.com/,辽宁,http://dl.shop.fang.com/shou/house/,http://dl.shop.fang.com/zu/house/,http://dl.zu.fang.com/
抚顺,http://fushun.esf.fang.com/,http://fushun.newhouse.fang.com/,辽宁,http://fushun.shop.fang.com/shou/house/,http://fushun.shop.fang.com/zu/house/,http://fushun.zu.fang.com/
锦州,http://jinzhou.esf.fang.com/,http://jinzhou.newhouse.fang.com/,辽宁,http://jinzhou.shop.fang.com/shou/house/,http://jinzhou.shop.fang.com/zu/house/,http://jinzhou.zu.fang.com/
鞍山,http://anshan.esf.fang.com/,http://anshan.newhouse.fang.com/,辽宁,http://anshan.shop.fang.com/shou/house/,http://anshan.shop.fang.com/zu/house/,http://anshan.zu.fang.com/
葫芦岛,http://huludao.esf.fang.com/,http://huludao.newhouse.fang.com/,辽宁,http://huludao.shop.fang.com/shou/house/,http://huludao.shop.fang.com/zu/house/,http://huludao.zu.fang.com/
阜新,http://fuxin.esf.fang.com/,http://fuxin.newhouse.fang.com/,辽宁,http://fuxin.shop.fang.com/shou/house/,http://fuxin.shop.fang.com/zu/house/,http://fuxin.zu.fang.com/
营口,http://yk.esf.fang.com/,http://yk.newhouse.fang.com/,辽宁,http://yk.shop.fang.com/shou/house/,http://yk.shop.fang.com/zu/house/,http://yk.zu.fang.com/
本溪,http://benxi.esf.fang.com/,http://benxi.newhouse.fang.com/,辽宁,http://benxi.shop.fang.com/shou/house/,http://benxi.shop.fang.com/zu/house/,http://benxi.zu.fang.com/
朝阳,http://chaoyang.esf.fang.com/,http://chaoyang.newhouse.fang.com/,辽宁,http://chaoyang.shop.fang.com/shou/house/,http://chaoyang.shop.fang.com/zu/house/,http://chaoyang.zu.fang.com/
铁岭,http://tieling.esf.fang.com/,http://tieling.newhouse.fang.com/,辽宁,http://tieling.shop.fang.com/shou/house/,http://tieling.shop.fang.com/zu/house/,http://tieling.zu.fang.com/
辽阳,http://liaoyang.esf.fang.com/,http://liaoyang.newhouse.fang.com/,辽宁,http://liaoyang.shop.fang.com/shou/house/,http://liaoyang.shop.fang.com/zu/house/,http://liaoyang.zu.fang.com/
盘锦,http://panjin.esf.fang.com/,http://panjin.newhouse.fang.com/,辽宁,http://panjin.shop.fang.com/shou/house/,http://panjin.shop.fang.com/zu/house/,http://panjin.zu.fang.com/
丹东,http://dandong.esf.fang.com/,http://dandong.newhouse.fang.com/,辽宁,http://dandong.shop.fang.com/shou/house/,http://dandong.shop.fang.com/zu/house/,http://dandong.zu.fang.com/
普兰店,http://pulandian.esf.fang.com/,http://pulandian.newhouse.fang.com/,辽宁,http://pulandian.shop.fang.com/shou/house/,http://pulandian.shop.fang.com/zu/house/,http://pulandian.zu.fang.com/
瓦房店,http://wafangdian.esf.fang.com/,http://wafangdian.newhouse.fang.com/,辽宁,http://wafangdian.shop.fang.com/shou/house/,http://wafangdian.shop.fang.com/zu/house/,http://wafangdian.zu.fang.com/
东港,http://donggang.esf.fang.com/,http://donggang.newhouse.fang.com/,辽宁,http://donggang.shop.fang.com/shou/house/,http://donggang.shop.fang.com/zu/house/,http://donggang.zu.fang.com/
凤城,http://fengcheng.esf.fang.com/,http://fengcheng.newhouse.fang.com/,辽宁,http://fengcheng.shop.fang.com/shou/house/,http://fengcheng.shop.fang.com/zu/house/,http://fengcheng.zu.fang.com/
庄河,http://lnzh.esf.fang.com/,http://lnzh.newhouse.fang.com/,辽宁,http://lnzh.shop.fang.com/shou/house/,http://lnzh.shop.fang.com/zu/house/,http://lnzh.zu.fang.com/
新民,http://xinmin.esf.fang.com/,http://xinmin.newhouse.fang.com/,辽宁,http://xinmin.shop.fang.com/shou/house/,http://xinmin.shop.fang.com/zu/house/,http://xinmin.zu.fang.com/
辽中,http://liaozhong.esf.fang.com/,http://liaozhong.newhouse.fang.com/,辽宁,http://liaozhong.shop.fang.com/shou/house/,http://liaozhong.shop.fang.com/zu/house/,http://liaozhong.zu.fang.com/
法库,http://faku.esf.fang.com/,http://faku.newhouse.fang.com/,辽宁,http://faku.shop.fang.com/shou/house/,http://faku.shop.fang.com/zu/house/,http://faku.zu.fang.com/
康平,http://kangping.esf.fang.com/,http://kangping.newhouse.fang.com/,辽宁,http://kangping.shop.fang.com/shou/house/,http://kangping.shop.fang.com/zu/house/,http://kangping.zu.fang.com/
台安,http://lnta.esf.fang.com/,http://lnta.newhouse.fang.com/,辽宁,http://lnta.shop.fang.com/shou/house/,http://lnta.shop.fang.com/zu/house/,http://lnta.zu.fang.com/
海城,http://haicheng.esf.fang.com/,http://haicheng.newhouse.fang.com/,辽宁,http://haicheng.shop.fang.com/shou/house/,http://haicheng.shop.fang.com/zu/house/,http://haicheng.zu.fang.com/
银川,http://yinchuan.esf.fang.com/,http://yinchuan.newhouse.fang.com/,宁夏,http://yinchuan.shop.fang.com/shou/house/,http://yinchuan.shop.fang.com/zu/house/,http://yinchuan.zu.fang.com/
石嘴山,http://shizuishan.esf.fang.com/,http://shizuishan.newhouse.fang.com/,宁夏,http://shizuishan.shop.fang.com/shou/house/,http://shizuishan.shop.fang.com/zu/house/,http://shizuishan.zu.fang.com/
固原,http://guyuan.esf.fang.com/,http://guyuan.newhouse.fang.com/,宁夏,http://guyuan.shop.fang.com/shou/house/,http://guyuan.shop.fang.com/zu/house/,http://guyuan.zu.fang.com/
吴忠,http://wuzhong.esf.fang.com/,http://wuzhong.newhouse.fang.com/,宁夏,http://wuzhong.shop.fang.com/shou/house/,http://wuzhong.shop.fang.com/zu/house/,http://wuzhong.zu.fang.com/
中卫,http://zhongwei.esf.fang.com/,http://zhongwei.newhouse.fang.com/,宁夏,http://zhongwei.shop.fang.com/shou/house/,http://zhongwei.shop.fang.com/zu/house/,http://zhongwei.zu.fang.com/
呼和浩特,http://nm.esf.fang.com/,http://nm.newhouse.fang.com/,内蒙古,http://nm.shop.fang.com/shou/house/,http://nm.shop.fang.com/zu/house/,http://nm.zu.fang.com/
包头,http://bt.esf.fang.com/,http://bt.newhouse.fang.com/,内蒙古,http://bt.shop.fang.com/shou/house/,http://bt.shop.fang.com/zu/house/,http://bt.zu.fang.com/
赤峰,http://chifeng.esf.fang.com/,http://chifeng.newhouse.fang.com/,内蒙古,http://chifeng.shop.fang.com/shou/house/,http://chifeng.shop.fang.com/zu/house/,http://chifeng.zu.fang.com/
鄂尔多斯,http://erds.esf.fang.com/,http://erds.newhouse.fang.com/,内蒙古,http://erds.shop.fang.com/shou/house/,http://erds.shop.fang.com/zu/house/,http://erds.zu.fang.com/
通辽,http://tl.esf.fang.com/,http://tl.newhouse.fang.com/,内蒙古,http://tl.shop.fang.com/shou/house/,http://tl.shop.fang.com/zu/house/,http://tl.zu.fang.com/
乌兰察布,http://wlcb.esf.fang.com/,http://wlcb.newhouse.fang.com/,内蒙古,http://wlcb.shop.fang.com/shou/house/,http://wlcb.shop.fang.com/zu/house/,http://wlcb.zu.fang.com/
巴彦淖尔,http://byne.esf.fang.com/,http://byne.newhouse.fang.com/,内蒙古,http://byne.shop.fang.com/shou/house/,http://byne.shop.fang.com/zu/house/,http://byne.zu.fang.com/
阿拉善盟,http://alsm.esf.fang.com/,http://alsm.newhouse.fang.com/,内蒙古,http://alsm.shop.fang.com/shou/house/,http://alsm.shop.fang.com/zu/house/,http://alsm.zu.fang.com/
海拉尔,http://hailaer.esf.fang.com/,http://hailaer.newhouse.fang.com/,内蒙古,http://hailaer.shop.fang.com/shou/house/,http://hailaer.shop.fang.com/zu/house/,http://hailaer.zu.fang.com/
呼伦贝尔,http://hlbe.esf.fang.com/,http://hlbe.newhouse.fang.com/,内蒙古,http://hlbe.shop.fang.com/shou/house/,http://hlbe.shop.fang.com/zu/house/,http://hlbe.zu.fang.com/
乌海,http://wuhai.esf.fang.com/,http://wuhai.newhouse.fang.com/,内蒙古,http://wuhai.shop.fang.com/shou/house/,http://wuhai.shop.fang.com/zu/house/,http://wuhai.zu.fang.com/
锡林郭勒盟,http://xlglm.esf.fang.com/,http://xlglm.newhouse.fang.com/,内蒙古,http://xlglm.shop.fang.com/shou/house/,http://xlglm.shop.fang.com/zu/house/,http://xlglm.zu.fang.com/
兴安盟,http://xam.esf.fang.com/,http://xam.newhouse.fang.com/,内蒙古,http://xam.shop.fang.com/shou/house/,http://xam.shop.fang.com/zu/house/,http://xam.zu.fang.com/
锡林浩特,http://xilinhaote.esf.fang.com/,http://xilinhaote.newhouse.fang.com/,内蒙古,http://xilinhaote.shop.fang.com/shou/house/,http://xilinhaote.shop.fang.com/zu/house/,http://xilinhaote.zu.fang.com/
西宁,http://xn.esf.fang.com/,http://xn.newhouse.fang.com/,青海,http://xn.shop.fang.com/shou/house/,http://xn.shop.fang.com/zu/house/,http://xn.zu.fang.com/
果洛,http://guoluo.esf.fang.com/,http://guoluo.newhouse.fang.com/,青海,http://guoluo.shop.fang.com/shou/house/,http://guoluo.shop.fang.com/zu/house/,http://guoluo.zu.fang.com/
黄南,http://huangnan.esf.fang.com/,http://huangnan.newhouse.fang.com/,青海,http://huangnan.shop.fang.com/shou/house/,http://huangnan.shop.fang.com/zu/house/,http://huangnan.zu.fang.com/
海西,http://haixi.esf.fang.com/,http://haixi.newhouse.fang.com/,青海,http://haixi.shop.fang.com/shou/house/,http://haixi.shop.fang.com/zu/house/,http://haixi.zu.fang.com/
海东,http://haidong.esf.fang.com/,http://haidong.newhouse.fang.com/,青海,http://haidong.shop.fang.com/shou/house/,http://haidong.shop.fang.com/zu/house/,http://haidong.zu.fang.com/
海北,http://haibei.esf.fang.com/,http://haibei.newhouse.fang.com/,青海,http://haibei.shop.fang.com/shou/house/,http://haibei.shop.fang.com/zu/house/,http://haibei.zu.fang.com/
玉树,http://yushu.esf.fang.com/,http://yushu.newhouse.fang.com/,青海,http://yushu.shop.fang.com/shou/house/,http://yushu.shop.fang.com/zu/house/,http://yushu.zu.fang.com/
济南,http://jn.esf.fang.com/,http://jn.newhouse.fang.com/,山东,http://jn.shop.fang.com/shou/house/,http://jn.shop.fang.com/zu/house/,http://jn.zu.fang.com/
青岛,http://qd.esf.fang.com/,http://qd.newhouse.fang.com/,山东,http://qd.shop.fang.com/shou/house/,http://qd.shop.fang.com/zu/house/,http://qd.zu.fang.com/
淄博,http://zb.esf.fang.com/,http://zb.newhouse.fang.com/,山东,http://zb.shop.fang.com/shou/house/,http://zb.shop.fang.com/zu/house/,http://zb.zu.fang.com/
潍坊,http://wf.esf.fang.com/,http://wf.newhouse.fang.com/,山东,http://wf.shop.fang.com/shou/house/,http://wf.shop.fang.com/zu/house/,http://wf.zu.fang.com/
烟台,http://yt.esf.fang.com/,http://yt.newhouse.fang.com/,山东,http://yt.shop.fang.com/shou/house/,http://yt.shop.fang.com/zu/house/,http://yt.zu.fang.com/
威海,http://weihai.esf.fang.com/,http://weihai.newhouse.fang.com/,山东,http://weihai.shop.fang.com/shou/house/,http://weihai.shop.fang.com/zu/house/,http://weihai.zu.fang.com/
临沂,http://linyi.esf.fang.com/,http://linyi.newhouse.fang.com/,山东,http://linyi.shop.fang.com/shou/house/,http://linyi.shop.fang.com/zu/house/,http://linyi.zu.fang.com/
济宁,http://jining.esf.fang.com/,http://jining.newhouse.fang.com/,山东,http://jining.shop.fang.com/shou/house/,http://jining.shop.fang.com/zu/house/,http://jining.zu.fang.com/
滨州,http://binzhou.esf.fang.com/,http://binzhou.newhouse.fang.com/,山东,http://binzhou.shop.fang.com/shou/house/,http://binzhou.shop.fang.com/zu/house/,http://binzhou.zu.fang.com/
德州,http://dz.esf.fang.com/,http://dz.newhouse.fang.com/,山东,http://dz.shop.fang.com/shou/house/,http://dz.shop.fang.com/zu/house/,http://dz.zu.fang.com/
东营,http://dy.esf.fang.com/,http://dy.newhouse.fang.com/,山东,http://dy.shop.fang.com/shou/house/,http://dy.shop.fang.com/zu/house/,http://dy.zu.fang.com/
枣庄,http://zaozhuang.esf.fang.com/,http://zaozhuang.newhouse.fang.com/,山东,http://zaozhuang.shop.fang.com/shou/house/,http://zaozhuang.shop.fang.com/zu/house/,http://zaozhuang.zu.fang.com/
聊城,http://lc.esf.fang.com/,http://lc.newhouse.fang.com/,山东,http://lc.shop.fang.com/shou/house/,http://lc.shop.fang.com/zu/house/,http://lc.zu.fang.com/
泰安,http://taian.esf.fang.com/,http://taian.newhouse.fang.com/,山东,http://taian.shop.fang.com/shou/house/,http://taian.shop.fang.com/zu/house/,http://taian.zu.fang.com/
日照,http://rz.esf.fang.com/,http://rz.newhouse.fang.com/,山东,http://rz.shop.fang.com/shou/house/,http://rz.shop.fang.com/zu/house/,http://rz.zu.fang.com/
菏泽,http://heze.esf.fang.com/,http://heze.newhouse.fang.com/,山东,http://heze.shop.fang.com/shou/house/,http://heze.shop.fang.com/zu/house/,http://heze.zu.fang.com/
章丘,http://zhangqiu.esf.fang.com/,http://zhangqiu.newhouse.fang.com/,山东,http://zhangqiu.shop.fang.com/shou/house/,http://zhangqiu.shop.fang.com/zu/house/,http://zhangqiu.zu.fang.com/
诸城,http://zhucheng.esf.fang.com/,http://zhucheng.newhouse.fang.com/,山东,http://zhucheng.shop.fang.com/shou/house/,http://zhucheng.shop.fang.com/zu/house/,http://zhucheng.zu.fang.com/
招远,http://zy.esf.fang.com/,http://zy.newhouse.fang.com/,山东,http://zy.shop.fang.com/shou/house/,http://zy.shop.fang.com/zu/house/,http://zy.zu.fang.com/
高密,http://gaomi.esf.fang.com/,http://gaomi.newhouse.fang.com/,山东,http://gaomi.shop.fang.com/shou/house/,http://gaomi.shop.fang.com/zu/house/,http://gaomi.zu.fang.com/
寿光,http://sg.esf.fang.com/,http://sg.newhouse.fang.com/,山东,http://sg.shop.fang.com/shou/house/,http://sg.shop.fang.com/zu/house/,http://sg.zu.fang.com/
邹城,http://zoucheng.esf.fang.com/,http://zoucheng.newhouse.fang.com/,山东,http://zoucheng.shop.fang.com/shou/house/,http://zoucheng.shop.fang.com/zu/house/,http://zoucheng.zu.fang.com/
滕州,http://tengzhou.esf.fang.com/,http://tengzhou.newhouse.fang.com/,山东,http://tengzhou.shop.fang.com/shou/house/,http://tengzhou.shop.fang.com/zu/house/,http://tengzhou.zu.fang.com/
新泰,http://xintai.esf.fang.com/,http://xintai.newhouse.fang.com/,山东,http://xintai.shop.fang.com/shou/house/,http://xintai.shop.fang.com/zu/house/,http://xintai.zu.fang.com/
肥城,http://feicheng.esf.fang.com/,http://feicheng.newhouse.fang.com/,山东,http://feicheng.shop.fang.com/shou/house/,http://feicheng.shop.fang.com/zu/house/,http://feicheng.zu.fang.com/
莱州,http://laizhou.esf.fang.com/,http://laizhou.newhouse.fang.com/,山东,http://laizhou.shop.fang.com/shou/house/,http://laizhou.shop.fang.com/zu/house/,http://laizhou.zu.fang.com/
邹平,http://zouping.esf.fang.com/,http://zouping.newhouse.fang.com/,山东,http://zouping.shop.fang.com/shou/house/,http://zouping.shop.fang.com/zu/house/,http://zouping.zu.fang.com/
龙口,http://longkou.esf.fang.com/,http://longkou.newhouse.fang.com/,山东,http://longkou.shop.fang.com/shou/house/,http://longkou.shop.fang.com/zu/house/,http://longkou.zu.fang.com/
昌邑,http://changyi.esf.fang.com/,http://changyi.newhouse.fang.com/,山东,http://changyi.shop.fang.com/shou/house/,http://changyi.shop.fang.com/zu/house/,http://changyi.zu.fang.com/
广饶,http://guangrao.esf.fang.com/,http://guangrao.newhouse.fang.com/,山东,http://guangrao.shop.fang.com/shou/house/,http://guangrao.shop.fang.com/zu/house/,http://guangrao.zu.fang.com/
安丘,http://anqiu.esf.fang.com/,http://anqiu.newhouse.fang.com/,山东,http://anqiu.shop.fang.com/shou/house/,http://anqiu.shop.fang.com/zu/house/,http://anqiu.zu.fang.com/
青州,http://qingzhou.esf.fang.com/,http://qingzhou.newhouse.fang.com/,山东,http://qingzhou.shop.fang.com/shou/house/,http://qingzhou.shop.fang.com/zu/house/,http://qingzhou.zu.fang.com/
临朐,http://linqu.esf.fang.com/,http://linqu.newhouse.fang.com/,山东,http://linqu.shop.fang.com/shou/house/,http://linqu.shop.fang.com/zu/house/,http://linqu.zu.fang.com/
济阳,http://sdjy.esf.fang.com/,http://sdjy.newhouse.fang.com/,山东,http://sdjy.shop.fang.com/shou/house/,http://sdjy.shop.fang.com/zu/house/,http://sdjy.zu.fang.com/
商河,http://sdsh.esf.fang.com/,http://sdsh.newhouse.fang.com/,山东,http://sdsh.shop.fang.com/shou/house/,http://sdsh.shop.fang.com/zu/house/,http://sdsh.zu.fang.com/
昌乐,http://sdcl.esf.fang.com/,http://sdcl.newhouse.fang.com/,山东,http://sdcl.shop.fang.com/shou/house/,http://sdcl.shop.fang.com/zu/house/,http://sdcl.zu.fang.com/
莱阳,http://laiyang.esf.fang.com/,http://laiyang.newhouse.fang.com/,山东,http://laiyang.shop.fang.com/shou/house/,http://laiyang.shop.fang.com/zu/house/,http://laiyang.zu.fang.com/
平阴,http://sdpy.esf.fang.com/,http://sdpy.newhouse.fang.com/,山东,http://sdpy.shop.fang.com/shou/house/,http://sdpy.shop.fang.com/zu/house/,http://sdpy.zu.fang.com/
临清,http://linqing.esf.fang.com/,http://linqing.newhouse.fang.com/,山东,http://linqing.shop.fang.com/shou/house/,http://linqing.shop.fang.com/zu/house/,http://linqing.zu.fang.com/
栖霞,http://qixia.esf.fang.com/,http://qixia.newhouse.fang.com/,山东,http://qixia.shop.fang.com/shou/house/,http://qixia.shop.fang.com/zu/house/,http://qixia.zu.fang.com/
海阳,http://haiyang.esf.fang.com/,http://haiyang.newhouse.fang.com/,山东,http://haiyang.shop.fang.com/shou/house/,http://haiyang.shop.fang.com/zu/house/,http://haiyang.zu.fang.com/
长清,http://jncq.esf.fang.com/,http://jncq.newhouse.fang.com/,山东,http://jncq.shop.fang.com/shou/house/,http://jncq.shop.fang.com/zu/house/,http://jncq.zu.fang.com/
齐河,http://qihe.esf.fang.com/,http://qihe.newhouse.fang.com/,山东,http://qihe.shop.fang.com/shou/house/,http://qihe.shop.fang.com/zu/house/,http://qihe.zu.fang.com/
庆云,http://qingyun.esf.fang.com/,http://qingyun.newhouse.fang.com/,山东,http://qingyun.shop.fang.com/shou/house/,http://qingyun.shop.fang.com/zu/house/,http://qingyun.zu.fang.com/
蓬莱,http://penglai.esf.fang.com/,http://penglai.newhouse.fang.com/,山东,http://penglai.shop.fang.com/shou/house/,http://penglai.shop.fang.com/zu/house/,http://penglai.zu.fang.com/
平度,http://pingdu.esf.fang.com/,http://pingdu.newhouse.fang.com/,山东,http://pingdu.shop.fang.com/shou/house/,http://pingdu.shop.fang.com/zu/house/,http://pingdu.zu.fang.com/
太原,http://taiyuan.esf.fang.com/,http://taiyuan.newhouse.fang.com/,山西,http://taiyuan.shop.fang.com/shou/house/,http://taiyuan.shop.fang.com/zu/house/,http://taiyuan.zu.fang.com/
长治,http://changzhi.esf.fang.com/,http://changzhi.newhouse.fang.com/,山西,http://changzhi.shop.fang.com/shou/house/,http://changzhi.shop.fang.com/zu/house/,http://changzhi.zu.fang.com/
运城,http://yuncheng.esf.fang.com/,http://yuncheng.newhouse.fang.com/,山西,http://yuncheng.shop.fang.com/shou/house/,http://yuncheng.shop.fang.com/zu/house/,http://yuncheng.zu.fang.com/
临汾,http://linfen.esf.fang.com/,http://linfen.newhouse.fang.com/,山西,http://linfen.shop.fang.com/shou/house/,http://linfen.shop.fang.com/zu/house/,http://linfen.zu.fang.com/
晋中,http://jinzhong.esf.fang.com/,http://jinzhong.newhouse.fang.com/,山西,http://jinzhong.shop.fang.com/shou/house/,http://jinzhong.shop.fang.com/zu/house/,http://jinzhong.zu.fang.com/
大同,http://datong.esf.fang.com/,http://datong.newhouse.fang.com/,山西,http://datong.shop.fang.com/shou/house/,http://datong.shop.fang.com/zu/house/,http://datong.zu.fang.com/
忻州,http://xinzhou.esf.fang.com/,http://xinzhou.newhouse.fang.com/,山西,http://xinzhou.shop.fang.com/shou/house/,http://xinzhou.shop.fang.com/zu/house/,http://xinzhou.zu.fang.com/
吕梁,http://lvliang.esf.fang.com/,http://lvliang.newhouse.fang.com/,山西,http://lvliang.shop.fang.com/shou/house/,http://lvliang.shop.fang.com/zu/house/,http://lvliang.zu.fang.com/
朔州,http://shuozhou.esf.fang.com/,http://shuozhou.newhouse.fang.com/,山西,http://shuozhou.shop.fang.com/shou/house/,http://shuozhou.shop.fang.com/zu/house/,http://shuozhou.zu.fang.com/
阳泉,http://yangquan.esf.fang.com/,http://yangquan.newhouse.fang.com/,山西,http://yangquan.shop.fang.com/shou/house/,http://yangquan.shop.fang.com/zu/house/,http://yangquan.zu.fang.com/
晋城,http://jc.esf.fang.com/,http://jc.newhouse.fang.com/,山西,http://jc.shop.fang.com/shou/house/,http://jc.shop.fang.com/zu/house/,http://jc.zu.fang.com/
临猗,http://sxly.esf.fang.com/,http://sxly.newhouse.fang.com/,山西,http://sxly.shop.fang.com/shou/house/,http://sxly.shop.fang.com/zu/house/,http://sxly.zu.fang.com/
清徐,http://qingxu.esf.fang.com/,http://qingxu.newhouse.fang.com/,山西,http://qingxu.shop.fang.com/shou/house/,http://qingxu.shop.fang.com/zu/house/,http://qingxu.zu.fang.com/
阳曲,http://yangqu.esf.fang.com/,http://yangqu.newhouse.fang.com/,山西,http://yangqu.shop.fang.com/shou/house/,http://yangqu.shop.fang.com/zu/house/,http://yangqu.zu.fang.com/
怀仁,http://huairen.esf.fang.com/,http://huairen.newhouse.fang.com/,山西,http://huairen.shop.fang.com/shou/house/,http://huairen.shop.fang.com/zu/house/,http://huairen.zu.fang.com/
西安,http://xian.esf.fang.com/,http://xian.newhouse.fang.com/,陕西,http://xian.shop.fang.com/shou/house/,http://xian.shop.fang.com/zu/house/,http://xian.zu.fang.com/
宝鸡,http://baoji.esf.fang.com/,http://baoji.newhouse.fang.com/,陕西,http://baoji.shop.fang.com/shou/house/,http://baoji.shop.fang.com/zu/house/,http://baoji.zu.fang.com/
咸阳,http://xianyang.esf.fang.com/,http://xianyang.newhouse.fang.com/,陕西,http://xianyang.shop.fang.com/shou/house/,http://xianyang.shop.fang.com/zu/house/,http://xianyang.zu.fang.com/
渭南,http://weinan.esf.fang.com/,http://weinan.newhouse.fang.com/,陕西,http://weinan.shop.fang.com/shou/house/,http://weinan.shop.fang.com/zu/house/,http://weinan.zu.fang.com/
汉中,http://hanzhong.esf.fang.com/,http://hanzhong.newhouse.fang.com/,陕西,http://hanzhong.shop.fang.com/shou/house/,http://hanzhong.shop.fang.com/zu/house/,http://hanzhong.zu.fang.com/
安康,http://ankang.esf.fang.com/,http://ankang.newhouse.fang.com/,陕西,http://ankang.shop.fang.com/shou/house/,http://ankang.shop.fang.com/zu/house/,http://ankang.zu.fang.com/
榆林,http://sxyulin.esf.fang.com/,http://sxyulin.newhouse.fang.com/,陕西,http://sxyulin.shop.fang.com/shou/house/,http://sxyulin.shop.fang.com/zu/house/,http://sxyulin.zu.fang.com/
延安,http://yanan.esf.fang.com/,http://yanan.newhouse.fang.com/,陕西,http://yanan.shop.fang.com/shou/house/,http://yanan.shop.fang.com/zu/house/,http://yanan.zu.fang.com/
铜川,http://tongchuan.esf.fang.com/,http://tongchuan.newhouse.fang.com/,陕西,http://tongchuan.shop.fang.com/shou/house/,http://tongchuan.shop.fang.com/zu/house/,http://tongchuan.zu.fang.com/
商洛,http://shangluo.esf.fang.com/,http://shangluo.newhouse.fang.com/,陕西,http://shangluo.shop.fang.com/shou/house/,http://shangluo.shop.fang.com/zu/house/,http://shangluo.zu.fang.com/
蓝田,http://lantian.esf.fang.com/,http://lantian.newhouse.fang.com/,陕西,http://lantian.shop.fang.com/shou/house/,http://lantian.shop.fang.com/zu/house/,http://lantian.zu.fang.com/
户县,http://huxian.esf.fang.com/,http://huxian.newhouse.fang.com/,陕西,http://huxian.shop.fang.com/shou/house/,http://huxian.shop.fang.com/zu/house/,http://huxian.zu.fang.com/
周至,http://zhouzhi.esf.fang.com/,http://zhouzhi.newhouse.fang.com/,陕西,http://zhouzhi.shop.fang.com/shou/house/,http://zhouzhi.shop.fang.com/zu/house/,http://zhouzhi.zu.fang.com/
高陵,http://gaoling.esf.fang.com/,http://gaoling.newhouse.fang.com/,陕西,http://gaoling.shop.fang.com/shou/house/,http://gaoling.shop.fang.com/zu/house/,http://gaoling.zu.fang.com/
成都,http://cd.esf.fang.com/,http://cd.newhouse.fang.com/,四川,http://cd.shop.fang.com/shou/house/,http://cd.shop.fang.com/zu/house/,http://cd.zu.fang.com/
绵阳,http://mianyang.esf.fang.com/,http://mianyang.newhouse.fang.com/,四川,http://mianyang.shop.fang.com/shou/house/,http://mianyang.shop.fang.com/zu/house/,http://mianyang.zu.fang.com/
泸州,http://luzhou.esf.fang.com/,http://luzhou.newhouse.fang.com/,四川,http://luzhou.shop.fang.com/shou/house/,http://luzhou.shop.fang.com/zu/house/,http://luzhou.zu.fang.com/
南充,http://nanchong.esf.fang.com/,http://nanchong.newhouse.fang.com/,四川,http://nanchong.shop.fang.com/shou/house/,http://nanchong.shop.fang.com/zu/house/,http://nanchong.zu.fang.com/
德阳,http://deyang.esf.fang.com/,http://deyang.newhouse.fang.com/,四川,http://deyang.shop.fang.com/shou/house/,http://deyang.shop.fang.com/zu/house/,http://deyang.zu.fang.com/
乐山,http://leshan.esf.fang.com/,http://leshan.newhouse.fang.com/,四川,http://leshan.shop.fang.com/shou/house/,http://leshan.shop.fang.com/zu/house/,http://leshan.zu.fang.com/
达州,http://dazhou.esf.fang.com/,http://dazhou.newhouse.fang.com/,四川,http://dazhou.shop.fang.com/shou/house/,http://dazhou.shop.fang.com/zu/house/,http://dazhou.zu.fang.com/
广安,http://guangan.esf.fang.com/,http://guangan.newhouse.fang.com/,四川,http://guangan.shop.fang.com/shou/house/,http://guangan.shop.fang.com/zu/house/,http://guangan.zu.fang.com/
攀枝花,http://panzhihua.esf.fang.com/,http://panzhihua.newhouse.fang.com/,四川,http://panzhihua.shop.fang.com/shou/house/,http://panzhihua.shop.fang.com/zu/house/,http://panzhihua.zu.fang.com/
遂宁,http://suining.esf.fang.com/,http://suining.newhouse.fang.com/,四川,http://suining.shop.fang.com/shou/house/,http://suining.shop.fang.com/zu/house/,http://suining.zu.fang.com/
自贡,http://zigong.esf.fang.com/,http://zigong.newhouse.fang.com/,四川,http://zigong.shop.fang.com/shou/house/,http://zigong.shop.fang.com/zu/house/,http://zigong.zu.fang.com/
内江,http://neijiang.esf.fang.com/,http://neijiang.newhouse.fang.com/,四川,http://neijiang.shop.fang.com/shou/house/,http://neijiang.shop.fang.com/zu/house/,http://neijiang.zu.fang.com/
广元,http://guangyuan.esf.fang.com/,http://guangyuan.newhouse.fang.com/,四川,http://guangyuan.shop.fang.com/shou/house/,http://guangyuan.shop.fang.com/zu/house/,http://guangyuan.zu.fang.com/
巴中,http://bazhong.esf.fang.com/,http://bazhong.newhouse.fang.com/,四川,http://bazhong.shop.fang.com/shou/house/,http://bazhong.shop.fang.com/zu/house/,http://bazhong.zu.fang.com/
宜宾,http://yibin.esf.fang.com/,http://yibin.newhouse.fang.com/,四川,http://yibin.shop.fang.com/shou/house/,http://yibin.shop.fang.com/zu/house/,http://yibin.zu.fang.com/
眉山,http://meishan.esf.fang.com/,http://meishan.newhouse.fang.com/,四川,http://meishan.shop.fang.com/shou/house/,http://meishan.shop.fang.com/zu/house/,http://meishan.zu.fang.com/
资阳,http://ziyang.esf.fang.com/,http://ziyang.newhouse.fang.com/,四川,http://ziyang.shop.fang.com/shou/house/,http://ziyang.shop.fang.com/zu/house/,http://ziyang.zu.fang.com/
雅安,http://yaan.esf.fang.com/,http://yaan.newhouse.fang.com/,四川,http://yaan.shop.fang.com/shou/house/,http://yaan.shop.fang.com/zu/house/,http://yaan.zu.fang.com/
凉山,http://liangshan.esf.fang.com/,http://liangshan.newhouse.fang.com/,四川,http://liangshan.shop.fang.com/shou/house/,http://liangshan.shop.fang.com/zu/house/,http://liangshan.zu.fang.com/
阿坝州,http://abazhou.esf.fang.com/,http://abazhou.newhouse.fang.com/,四川,http://abazhou.shop.fang.com/shou/house/,http://abazhou.shop.fang.com/zu/house/,http://abazhou.zu.fang.com/
甘孜,http://ganzi.esf.fang.com/,http://ganzi.newhouse.fang.com/,四川,http://ganzi.shop.fang.com/shou/house/,http://ganzi.shop.fang.com/zu/house/,http://ganzi.zu.fang.com/
彭州,http://pengzhou.esf.fang.com/,http://pengzhou.newhouse.fang.com/,四川,http://pengzhou.shop.fang.com/shou/house/,http://pengzhou.shop.fang.com/zu/house/,http://pengzhou.zu.fang.com/
金堂,http://scjt.esf.fang.com/,http://scjt.newhouse.fang.com/,四川,http://scjt.shop.fang.com/shou/house/,http://scjt.shop.fang.com/zu/house/,http://scjt.zu.fang.com/
邛崃,http://qionglai.esf.fang.com/,http://qionglai.newhouse.fang.com/,四川,http://qionglai.shop.fang.com/shou/house/,http://qionglai.shop.fang.com/zu/house/,http://qionglai.zu.fang.com/
简阳,http://jianyang.esf.fang.com/,http://jianyang.newhouse.fang.com/,四川,http://jianyang.shop.fang.com/shou/house/,http://jianyang.shop.fang.com/zu/house/,http://jianyang.zu.fang.com/
崇州,http://chongzhou.esf.fang.com/,http://chongzhou.newhouse.fang.com/,四川,http://chongzhou.shop.fang.com/shou/house/,http://chongzhou.shop.fang.com/zu/house/,http://chongzhou.zu.fang.com/
大邑,http://dayi.esf.fang.com/,http://dayi.newhouse.fang.com/,四川,http://dayi.shop.fang.com/shou/house/,http://dayi.shop.fang.com/zu/house/,http://dayi.zu.fang.com/
都江堰,http://dujiangyan.esf.fang.com/,http://dujiangyan.newhouse.fang.com/,四川,http://dujiangyan.shop.fang.com/shou/house/,http://dujiangyan.shop.fang.com/zu/house/,http://dujiangyan.zu.fang.com/
新津,http://xinjin.esf.fang.com/,http://xinjin.newhouse.fang.com/,四川,http://xinjin.shop.fang.com/shou/house/,http://xinjin.shop.fang.com/zu/house/,http://xinjin.zu.fang.com/
峨眉山,http://emeishan.esf.fang.com,http://emeishan.newhouse.fang.com,四川,http://emeishan.shop.fang.comshou/house/,http://emeishan.shop.fang.comzu/house/,http://emeishan.zu.fang.com
乌鲁木齐,http://xj.esf.fang.com/,http://xj.newhouse.fang.com/,新疆,http://xj.shop.fang.com/shou/house/,http://xj.shop.fang.com/zu/house/,http://xj.zu.fang.com/
克拉玛依,http://kelamayi.esf.fang.com/,http://kelamayi.newhouse.fang.com/,新疆,http://kelamayi.shop.fang.com/shou/house/,http://kelamayi.shop.fang.com/zu/house/,http://kelamayi.zu.fang.com/
喀什,http://kashi.esf.fang.com/,http://kashi.newhouse.fang.com/,新疆,http://kashi.shop.fang.com/shou/house/,http://kashi.shop.fang.com/zu/house/,http://kashi.zu.fang.com/
巴州,http://bazhou.esf.fang.com/,http://bazhou.newhouse.fang.com/,新疆,http://bazhou.shop.fang.com/shou/house/,http://bazhou.shop.fang.com/zu/house/,http://bazhou.zu.fang.com/
伊犁,http://yili.esf.fang.com/,http://yili.newhouse.fang.com/,新疆,http://yili.shop.fang.com/shou/house/,http://yili.shop.fang.com/zu/house/,http://yili.zu.fang.com/
阿克苏,http://akesu.esf.fang.com/,http://akesu.newhouse.fang.com/,新疆,http://akesu.shop.fang.com/shou/house/,http://akesu.shop.fang.com/zu/house/,http://akesu.zu.fang.com/
博尔塔拉,http://betl.esf.fang.com/,http://betl.newhouse.fang.com/,新疆,http://betl.shop.fang.com/shou/house/,http://betl.shop.fang.com/zu/house/,http://betl.zu.fang.com/
昌吉,http://esf.esf.changji.fang,http://esf.newhouse.changji.fang,新疆,http://esf.shop.changji.fangshou/house/,http://esf.shop.changji.fangzu/house/,http://esf.zu.changji.fang
哈密,http://hami.esf.fang.com/,http://hami.newhouse.fang.com/,新疆,http://hami.shop.fang.com/shou/house/,http://hami.shop.fang.com/zu/house/,http://hami.zu.fang.com/
和田,http://hetian.esf.fang.com/,http://hetian.newhouse.fang.com/,新疆,http://hetian.shop.fang.com/shou/house/,http://hetian.shop.fang.com/zu/house/,http://hetian.zu.fang.com/
克孜勒苏,http://kzls.esf.fang.com/,http://kzls.newhouse.fang.com/,新疆,http://kzls.shop.fang.com/shou/house/,http://kzls.shop.fang.com/zu/house/,http://kzls.zu.fang.com/
石河子,http://shihezi.esf.fang.com/,http://shihezi.newhouse.fang.com/,新疆,http://shihezi.shop.fang.com/shou/house/,http://shihezi.shop.fang.com/zu/house/,http://shihezi.zu.fang.com/
吐鲁番,http://tulufan.esf.fang.com/,http://tulufan.newhouse.fang.com/,新疆,http://tulufan.shop.fang.com/shou/house/,http://tulufan.shop.fang.com/zu/house/,http://tulufan.zu.fang.com/
五家渠,http://wujiaqu.esf.fang.com/,http://wujiaqu.newhouse.fang.com/,新疆,http://wujiaqu.shop.fang.com/shou/house/,http://wujiaqu.shop.fang.com/zu/house/,http://wujiaqu.zu.fang.com/
奎屯,http://kuitun.esf.fang.com/,http://kuitun.newhouse.fang.com/,新疆,http://kuitun.shop.fang.com/shou/house/,http://kuitun.shop.fang.com/zu/house/,http://kuitun.zu.fang.com/
库尔勒,http://kuerle.esf.fang.com/,http://kuerle.newhouse.fang.com/,新疆,http://kuerle.shop.fang.com/shou/house/,http://kuerle.shop.fang.com/zu/house/,http://kuerle.zu.fang.com/
昌都,http://changdu.esf.fang.com/,http://changdu.newhouse.fang.com/,西藏,http://changdu.shop.fang.com/shou/house/,http://changdu.shop.fang.com/zu/house/,http://changdu.zu.fang.com/
拉萨,http://lasa.esf.fang.com/,http://lasa.newhouse.fang.com/,西藏,http://lasa.shop.fang.com/shou/house/,http://lasa.shop.fang.com/zu/house/,http://lasa.zu.fang.com/
林芝,http://linzhi.esf.fang.com/,http://linzhi.newhouse.fang.com/,西藏,http://linzhi.shop.fang.com/shou/house/,http://linzhi.shop.fang.com/zu/house/,http://linzhi.zu.fang.com/
那曲,http://naqu.esf.fang.com/,http://naqu.newhouse.fang.com/,西藏,http://naqu.shop.fang.com/shou/house/,http://naqu.shop.fang.com/zu/house/,http://naqu.zu.fang.com/
日喀则,http://rikaze.esf.fang.com/,http://rikaze.newhouse.fang.com/,西藏,http://rikaze.shop.fang.com/shou/house/,http://rikaze.shop.fang.com/zu/house/,http://rikaze.zu.fang.com/
香港,https://hk.esf.esf.fang,https://hk.newhouse.esf.fang,香港,https://hk.shop.esf.fangshou/house/,https://hk.shop.esf.fangzu/house/,https://hk.zu.esf.fang
昆明,http://km.esf.fang.com/,http://km.newhouse.fang.com/,云南,http://km.shop.fang.com/shou/house/,http://km.shop.fang.com/zu/house/,http://km.zu.fang.com/
红河,http://honghe.esf.fang.com/,http://honghe.newhouse.fang.com/,云南,http://honghe.shop.fang.com/shou/house/,http://honghe.shop.fang.com/zu/house/,http://honghe.zu.fang.com/
文山,http://wenshan.esf.fang.com/,http://wenshan.newhouse.fang.com/,云南,http://wenshan.shop.fang.com/shou/house/,http://wenshan.shop.fang.com/zu/house/,http://wenshan.zu.fang.com/
曲靖,http://qujing.esf.fang.com/,http://qujing.newhouse.fang.com/,云南,http://qujing.shop.fang.com/shou/house/,http://qujing.shop.fang.com/zu/house/,http://qujing.zu.fang.com/
玉溪,http://yuxi.esf.fang.com/,http://yuxi.newhouse.fang.com/,云南,http://yuxi.shop.fang.com/shou/house/,http://yuxi.shop.fang.com/zu/house/,http://yuxi.zu.fang.com/
丽江,http://lijiang.esf.fang.com/,http://lijiang.newhouse.fang.com/,云南,http://lijiang.shop.fang.com/shou/house/,http://lijiang.shop.fang.com/zu/house/,http://lijiang.zu.fang.com/
大理,http://dali.esf.fang.com/,http://dali.newhouse.fang.com/,云南,http://dali.shop.fang.com/shou/house/,http://dali.shop.fang.com/zu/house/,http://dali.zu.fang.com/
楚雄,http://chuxiong.esf.fang.com/,http://chuxiong.newhouse.fang.com/,云南,http://chuxiong.shop.fang.com/shou/house/,http://chuxiong.shop.fang.com/zu/house/,http://chuxiong.zu.fang.com/
保山,http://baoshan.esf.fang.com/,http://baoshan.newhouse.fang.com/,云南,http://baoshan.shop.fang.com/shou/house/,http://baoshan.shop.fang.com/zu/house/,http://baoshan.zu.fang.com/
昭通,http://zhaotong.esf.fang.com/,http://zhaotong.newhouse.fang.com/,云南,http://zhaotong.shop.fang.com/shou/house/,http://zhaotong.shop.fang.com/zu/house/,http://zhaotong.zu.fang.com/
德宏,http://dehong.esf.fang.com/,http://dehong.newhouse.fang.com/,云南,http://dehong.shop.fang.com/shou/house/,http://dehong.shop.fang.com/zu/house/,http://dehong.zu.fang.com/
临沧,http://lincang.esf.fang.com/,http://lincang.newhouse.fang.com/,云南,http://lincang.shop.fang.com/shou/house/,http://lincang.shop.fang.com/zu/house/,http://lincang.zu.fang.com/
西双版纳,http://xishuangbanna.esf.fang.com/,http://xishuangbanna.newhouse.fang.com/,云南,http://xishuangbanna.shop.fang.com/shou/house/,http://xishuangbanna.shop.fang.com/zu/house/,http://xishuangbanna.zu.fang.com/
普洱,http://puer.esf.fang.com/,http://puer.newhouse.fang.com/,云南,http://puer.shop.fang.com/shou/house/,http://puer.shop.fang.com/zu/house/,http://puer.zu.fang.com/
迪庆,http://diqing.esf.fang.com/,http://diqing.newhouse.fang.com/,云南,http://diqing.shop.fang.com/shou/house/,http://diqing.shop.fang.com/zu/house/,http://diqing.zu.fang.com/
怒江,http://nujiang.esf.fang.com/,http://nujiang.newhouse.fang.com/,云南,http://nujiang.shop.fang.com/shou/house/,http://nujiang.shop.fang.com/zu/house/,http://nujiang.zu.fang.com/
安宁,http://anning.esf.fang.com/,http://anning.newhouse.fang.com/,云南,http://anning.shop.fang.com/shou/house/,http://anning.shop.fang.com/zu/house/,http://anning.zu.fang.com/
